timestamp,process_id,user_id,type,address,size
68,tenant1,1,READ,0x0,4096
77,tenant2,2,WRITE,0x0,8192
78,tenant0,0,WRITE,0x0,4096
180,tenant1,1,READ,0x1000,4096
190,tenant0,0,READ,0x1000,4096
256,tenant2,2,READ,0x2000,4096
266,tenant0,0,READ,0x2000,4096
299,tenant1,1,WRITE,0x2000,4096
324,tenant0,0,READ,0x3000,4096
347,tenant2,2,READ,0x3000,4096
363,tenant1,1,WRITE,0x3000,4096
433,tenant0,0,READ,0x4000,4096
493,tenant1,1,READ,0x4000,8192
522,tenant2,2,READ,0x4000,4096
597,tenant1,1,READ,0x6000,8192
622,tenant0,0,READ,0x5000,8192
664,tenant2,2,READ,0x5000,8192
774,tenant1,1,WRITE,0x8000,8192
775,tenant2,2,READ,0x7000,4096
822,tenant0,0,WRITE,0x7000,8192
873,tenant0,0,WRITE,0x9000,4096
941,tenant1,1,READ,0xa000,4096
949,tenant2,2,WRITE,0x8000,4096
1010,tenant0,0,READ,0xa000,8192
1054,tenant1,1,WRITE,0xb000,8192
1135,tenant2,2,READ,0x9000,4096
1146,tenant0,0,READ,0xc000,4096
1213,tenant1,1,READ,0xd000,8192
1220,tenant0,0,WRITE,0xd000,8192
1298,tenant1,1,READ,0xf000,8192
1306,tenant2,2,READ,0xa000,4096
1337,tenant0,0,WRITE,0xf000,4096
1360,tenant1,1,READ,0x11000,4096
1450,tenant1,1,READ,0x12000,8192
1464,tenant2,2,WRITE,0xb000,4096
1524,tenant0,0,WRITE,0x10000,4096
1565,tenant2,2,READ,0xc000,8192
1598,tenant1,1,READ,0x14000,8192
1670,tenant0,0,READ,0x11000,4096
1710,tenant2,2,WRITE,0xe000,8192
1767,tenant1,1,WRITE,0x16000,8192
1812,tenant0,0,WRITE,0x12000,4096
1819,tenant1,1,WRITE,0x18000,4096
1873,tenant0,0,WRITE,0x13000,4096
1875,tenant2,2,READ,0x10000,4096
1941,tenant2,2,READ,0x11000,8192
1943,tenant0,0,WRITE,0x14000,4096
2006,tenant1,1,WRITE,0x19000,8192
2090,tenant0,0,READ,0x15000,8192
2132,tenant2,2,READ,0x13000,4096
2143,tenant1,1,READ,0x1b000,4096
2183,tenant2,2,WRITE,0x14000,4096
2233,tenant0,0,READ,0x17000,4096
2233,tenant1,1,READ,0x1c000,8192
2248,tenant2,2,READ,0x15000,4096
2306,tenant2,2,READ,0x16000,8192
2336,tenant0,0,WRITE,0x18000,8192
2350,tenant1,1,READ,0x1e000,4096
2416,tenant2,2,WRITE,0x18000,8192
2520,tenant2,2,WRITE,0x1a000,4096
