timestamp,process_id,type,address,size
0,process3,READ,928664821760,4096
743,process3,WRITE,607502893056,4096
1314,process3,WRITE,283308634112,4096
1722,process2,READ,365844934656,4096
2090,process3,READ,799236943872,4096
3082,process2,READ,264124710912,4096
3437,process3,WRITE,906861678592,4096
4432,process1,WRITE,722617602048,4096
5429,process1,WRITE,1067973812224,4096
5935,process1,WRITE,871326068736,4096
6583,process4,READ,844030681088,4096
6673,process1,READ,181939732480,4096
7511,process2,READ,676587732992,4096
7574,process3,WRITE,416961773568,4096
7991,process1,WRITE,676086329344,4096
8729,process3,READ,327608786944,4096
8766,process3,WRITE,807815688192,4096
9295,process1,WRITE,301987852288,4096
10193,process3,WRITE,859765473280,4096
10467,process4,WRITE,112760463360,4096
11452,process3,WRITE,183957643264,4096
11905,process4,WRITE,722827661312,4096
12335,process1,WRITE,744484204544,4096
12371,process3,READ,37345681408,4096
12991,process3,READ,518411157504,4096
13864,process1,READ,272071188480,4096
14768,process2,WRITE,876553838592,4096
15447,process4,READ,407116357632,4096
15843,process2,WRITE,377275723776,4096
16219,process4,READ,416504877056,4096
16554,process4,WRITE,862744457216,4096
17391,process4,WRITE,831036768256,4096
17829,process2,WRITE,599766867968,4096
18706,process1,WRITE,444413575168,4096
19586,process3,WRITE,325640298496,4096
20335,process2,WRITE,588047446016,4096
21196,process4,READ,206912933888,4096
21536,process1,WRITE,893106692096,4096
21661,process3,WRITE,323817230336,4096
22627,process3,WRITE,648438284288,4096
23517,process4,WRITE,170802458624,4096
23626,process2,WRITE,327464996864,4096
24364,process4,READ,821454864384,4096
24494,process4,WRITE,146746589184,4096
25400,process2,WRITE,169598316544,4096
25953,process2,READ,508077514752,4096
26931,process3,READ,984637972480,4096
27449,process1,WRITE,518914719744,4096
28248,process1,WRITE,363123974144,4096
28436,process1,WRITE,881573740544,4096
28853,process2,WRITE,65484759040,4096
29152,process4,WRITE,758204088320,4096
29774,process1,READ,313185292288,4096
29861,process2,WRITE,739800297472,4096
30107,process3,READ,46048305152,4096
30820,process3,READ,599990153216,4096
31562,process2,READ,500511682560,4096
31647,process4,WRITE,1097187987456,4096
31968,process2,WRITE,985888653312,4096
32183,process2,WRITE,1067153948672,4096
33074,process3,WRITE,45570375680,4096
33812,process2,WRITE,329494274048,4096
34008,process2,WRITE,416385806336,4096
34751,process4,WRITE,867874795520,4096
35235,process3,WRITE,620010786816,4096
35995,process1,WRITE,26195005440,4096
36842,process3,WRITE,121665945600,4096
36934,process2,WRITE,896966508544,4096
37242,process4,READ,23085117440,4096
38038,process3,READ,205967663104,4096
38975,process2,READ,535932268544,4096
39463,process4,WRITE,807002198016,4096
40001,process4,WRITE,444547645440,4096
40057,process2,WRITE,391692296192,4096
40582,process1,READ,853118509056,4096
40650,process1,READ,127540346880,4096
40785,process1,READ,929339084800,4096
40817,process2,WRITE,435473571840,4096
41325,process3,READ,1040038813696,4096
42252,process4,WRITE,625907953664,4096
42528,process2,WRITE,99174506496,4096
42934,process4,READ,93947977728,4096
43655,process4,READ,612565708800,4096
43739,process4,READ,176100712448,4096
44667,process3,READ,694326931456,4096
44764,process1,WRITE,985675206656,4096
45011,process2,WRITE,786873450496,4096
45507,process2,READ,170220281856,4096
46325,process2,READ,413252952064,4096
47052,process3,WRITE,161515515904,4096
47648,process2,READ,391637016576,4096
47997,process1,WRITE,715961479168,4096
48194,process3,WRITE,397638033408,4096
48286,process1,WRITE,409152360448,4096
48927,process1,READ,321021251584,4096
49464,process4,WRITE,331797082112,4096
49996,process2,READ,822059597824,4096
50968,process2,READ,73713774592,4096
51918,process1,READ,606636441600,4096
52618,process2,WRITE,358903435264,4096
52942,process4,WRITE,57672822784,4096
53311,process1,READ,26158530560,4096
54146,process2,READ,738706391040,4096
54383,process1,READ,63957282816,4096
55085,process4,WRITE,343541223424,4096
55337,process1,WRITE,972621344768,4096
56286,process4,WRITE,862888099840,4096
56691,process4,WRITE,938073939968,4096
57138,process1,READ,272811241472,4096
57523,process3,WRITE,849750745088,4096
57843,process4,READ,11020148736,4096
58434,process3,WRITE,332466581504,4096
59181,process4,READ,25091633152,4096
59459,process3,READ,174031908864,4096
59996,process1,WRITE,488741748736,4096
60537,process1,WRITE,753826463744,4096
60644,process1,READ,295844859904,4096
61572,process4,READ,541327065088,4096
61785,process1,WRITE,730394775552,4096
62391,process2,WRITE,99281403904,4096
62476,process2,READ,647673192448,4096
63472,process2,WRITE,803788636160,4096
64265,process4,WRITE,568089567232,4096
64933,process3,WRITE,193510699008,4096
65620,process1,WRITE,841449480192,4096
66052,process2,READ,854682005504,4096
66063,process4,WRITE,971650719744,4096
66803,process4,READ,1046373617664,4096
67121,process1,WRITE,133162090496,4096
67879,process3,WRITE,257893593088,4096
68400,process1,READ,395382222848,4096
68560,process1,READ,833244528640,4096
68584,process1,WRITE,515111477248,4096
68781,process4,READ,532626276352,4096
69088,process3,READ,712535429120,4096
69405,process1,WRITE,438697508864,4096
69625,process2,READ,678911238144,4096
69901,process3,READ,986347802624,4096
69990,process4,WRITE,29287858176,4096
70378,process1,READ,355943501824,4096
70898,process3,READ,605740015616,4096
71178,process1,READ,597369790464,4096
71256,process4,WRITE,451236298752,4096
71717,process2,WRITE,420336873472,4096
72645,process3,READ,907187298304,4096
72931,process2,READ,694314622976,4096
73067,process1,READ,962500861952,4096
73309,process2,READ,489865314304,4096
73537,process4,WRITE,923918786560,4096
74172,process2,READ,180255580160,4096
74428,process3,READ,1003073150976,4096
74554,process1,READ,1056014614528,4096
75291,process1,READ,555055824896,4096
75755,process3,WRITE,630204522496,4096
75802,process1,READ,425989234688,4096
76440,process2,WRITE,84175650816,4096
76834,process1,WRITE,884699512832,4096
77575,process4,WRITE,524977061888,4096
78494,process4,READ,832986726400,4096
78845,process3,READ,119320141824,4096
78966,process2,READ,839761248256,4096
79325,process3,READ,1039409721344,4096
79594,process1,WRITE,293538775040,4096
80434,process1,WRITE,704102301696,4096
80643,process1,WRITE,1093664190464,4096
81192,process3,READ,735195664384,4096
81251,process4,READ,773579210752,4096
81613,process2,READ,678512619520,4096
81794,process4,READ,717182758912,4096
82364,process3,WRITE,413338185728,4096
82746,process1,READ,1053667004416,4096
83422,process3,WRITE,4238221312,4096
83663,process1,WRITE,891692060672,4096
83960,process3,WRITE,848207618048,4096
84512,process1,WRITE,79554641920,4096
85165,process4,WRITE,476141834240,4096
85529,process4,READ,303567785984,4096
85804,process1,READ,934626455552,4096
86293,process1,WRITE,62841204736,4096
86974,process2,READ,1035924709376,4096
87579,process1,READ,724726239232,4096
88112,process4,WRITE,438526754816,4096
88158,process3,WRITE,211164700672,4096
88873,process4,WRITE,1091777228800,4096
89057,process2,WRITE,771399585792,4096
89732,process4,WRITE,722340651008,4096
90390,process4,READ,276506525696,4096
90595,process1,READ,530757668864,4096
90616,process1,READ,461333692416,4096
91107,process1,READ,835879923712,4096
91226,process3,READ,538690568192,4096
91301,process2,WRITE,578749726720,4096
91740,process1,WRITE,877912674304,4096
92489,process4,READ,811958136832,4096
93015,process1,READ,894669369344,4096
93260,process1,WRITE,807192076288,4096
94098,process1,READ,711405797376,4096
94229,process3,READ,1098637451264,4096
94265,process4,READ,460086579200,4096
94907,process2,READ,348503904256,4096
95687,process3,WRITE,909137453056,4096
96604,process2,WRITE,127512141824,4096
96703,process4,WRITE,534718791680,4096
97349,process4,WRITE,675768320000,4096
97736,process1,WRITE,127591972864,4096
97842,process2,READ,545951662080,4096
97861,process4,WRITE,406893596672,4096
97927,process1,READ,561235206144,4096
98539,process1,READ,787758338048,4096
98659,process2,READ,634567909376,4096
98926,process2,WRITE,210575183872,4096
99028,process4,READ,475270647808,4096
99507,process1,READ,557441474560,4096
100318,process4,READ,45335756800,4096
100344,process4,WRITE,697848143872,4096
100866,process2,READ,312071954432,4096
101304,process2,READ,1013893206016,4096
102029,process4,READ,207221571584,4096
102980,process3,WRITE,628116996096,4096
103144,process1,WRITE,923857461248,4096
103510,process3,WRITE,163642683392,4096
104296,process3,READ,325035868160,4096
105250,process2,READ,450757349376,4096
106059,process2,WRITE,480360132608,4096
106828,process3,READ,697677791232,4096
107617,process3,READ,862408794112,4096
108258,process4,WRITE,405423357952,4096
108732,process2,READ,721947406336,4096
109129,process1,WRITE,625486987264,4096
109214,process1,READ,475430813696,4096
109266,process3,READ,831961370624,4096
110260,process1,READ,771275882496,4096
110706,process4,WRITE,830389493760,4096
111385,process1,WRITE,537687179264,4096
112008,process4,WRITE,159328137216,4096
112948,process1,READ,1004939247616,4096
113374,process1,WRITE,541234888704,4096
113528,process4,READ,41785393152,4096
113971,process2,WRITE,497068670976,4096
114806,process2,WRITE,785499271168,4096
115029,process2,READ,830030696448,4096
115111,process4,READ,659896397824,4096
115289,process4,WRITE,210004348928,4096
115413,process2,WRITE,599298752512,4096
115662,process4,WRITE,773446492160,4096
116525,process1,WRITE,162747441152,4096
116673,process4,READ,792501678080,4096
117145,process3,WRITE,1086419390464,4096
117924,process2,WRITE,321906274304,4096
118656,process4,WRITE,133073666048,4096
118857,process4,READ,548738363392,4096
119566,process3,READ,543294509056,4096
120142,process1,WRITE,334167486464,4096
120404,process4,READ,855535673344,4096
120553,process4,READ,589072814080,4096
120584,process3,WRITE,737242017792,4096
120628,process3,READ,798202040320,4096
120818,process4,WRITE,241815961600,4096
120965,process3,READ,372188852224,4096
121003,process2,WRITE,390840991744,4096
121102,process2,WRITE,670552489984,4096
121371,process2,WRITE,328622133248,4096
121753,process2,READ,267645939712,4096
121902,process3,READ,664447971328,4096
122279,process2,WRITE,115114119168,4096
122940,process3,READ,480363462656,4096
123377,process4,READ,978887888896,4096
123400,process3,READ,241523572736,4096
124301,process4,WRITE,91046514688,4096
124796,process2,WRITE,81463193600,4096
125645,process2,READ,599600685056,4096
125725,process4,WRITE,428994093056,4096
126195,process1,WRITE,98988109824,4096
126965,process4,READ,446461460480,4096
127246,process1,WRITE,362187997184,4096
127638,process4,READ,393576456192,4096
128389,process2,READ,869334835200,4096
128896,process2,READ,664107229184,4096
129755,process3,READ,580796997632,4096
130496,process4,WRITE,637304356864,4096
131024,process1,READ,255503921152,4096
131948,process3,WRITE,230360104960,4096
132553,process4,READ,9102761984,4096
132693,process2,WRITE,281860829184,4096
133194,process1,WRITE,684157796352,4096
133581,process2,WRITE,562860945408,4096
134433,process4,READ,1005525606400,4096
135425,process1,WRITE,67620450304,4096
135996,process4,READ,36076204032,4096
136139,process3,WRITE,1098502725632,4096
136476,process1,WRITE,303007289344,4096
137152,process2,READ,198309081088,4096
137942,process2,READ,575609249792,4096
138915,process1,READ,232928604160,4096
138957,process1,WRITE,980818440192,4096
139419,process1,WRITE,547099815936,4096
140028,process1,WRITE,1084740915200,4096
140302,process4,READ,507704684544,4096
140697,process1,WRITE,498102624256,4096
141049,process1,WRITE,789634134016,4096
141217,process2,WRITE,60295720960,4096
141844,process1,WRITE,629989875712,4096
142170,process2,WRITE,350225043456,4096
142402,process2,READ,521580093440,4096
143226,process3,WRITE,506473066496,4096
143245,process3,READ,141736849408,4096
143908,process2,WRITE,871263682560,4096
144185,process1,READ,843831992320,4096
144240,process3,READ,431403888640,4096
145132,process2,WRITE,779476135936,4096
145610,process3,READ,381113257984,4096
146261,process1,WRITE,496140271616,4096
146473,process1,READ,619900563456,4096
147155,process2,READ,47507910656,4096
147880,process3,READ,449663332352,4096
148809,process4,WRITE,415261077504,4096
149237,process2,WRITE,820640968704,4096
149944,process3,WRITE,331147010048,4096
150586,process4,READ,65859543040,4096
150904,process4,READ,271805403136,4096
151783,process2,READ,176964448256,4096
152684,process3,READ,671931813888,4096
153231,process2,WRITE,285975539712,4096
153688,process1,READ,767585955840,4096
153777,process3,WRITE,33367547904,4096
154300,process2,WRITE,572659830784,4096
155066,process2,READ,676355739648,4096
155586,process2,WRITE,678654599168,4096
156067,process1,WRITE,1093105651712,4096
156304,process1,READ,55639818240,4096
156904,process2,READ,652624654336,4096
156920,process1,READ,29239971840,4096
157017,process3,READ,179708571648,4096
157873,process2,READ,727841316864,4096
158232,process4,WRITE,771345530880,4096
158579,process1,READ,646741299200,4096
159403,process2,READ,39097163776,4096
159825,process3,READ,403957059584,4096
160415,process4,READ,237030440960,4096
161364,process2,READ,986676105216,4096
161788,process3,READ,796717973504,4096
161895,process1,WRITE,343254069248,4096
162589,process4,WRITE,964637110272,4096
163330,process2,READ,361747083264,4096
163487,process1,READ,385720041472,4096
163810,process1,READ,925031194624,4096
164000,process4,READ,809141714944,4096
164655,process3,READ,799207800832,4096
164968,process2,WRITE,599465320448,4096
165945,process1,READ,744392019968,4096
166393,process3,READ,435519913984,4096
166618,process1,WRITE,380906008576,4096
167225,process1,WRITE,568798457856,4096
167547,process2,WRITE,370411134976,4096
167925,process1,WRITE,341069934592,4096
168369,process3,READ,706859679744,4096
168491,process1,READ,625642295296,4096
169392,process3,WRITE,369439371264,4096
169605,process1,READ,198924541952,4096
169812,process4,WRITE,1021570613248,4096
169895,process1,WRITE,200829911040,4096
170435,process1,WRITE,764279848960,4096
171061,process4,READ,1085989220352,4096
171767,process3,WRITE,144282578944,4096
172195,process1,READ,834259890176,4096
173080,process4,WRITE,701124497408,4096
173947,process1,WRITE,371545772032,4096
174078,process1,WRITE,259821232128,4096
174081,process4,WRITE,722598023168,4096
174692,process1,WRITE,249198919680,4096
175562,process1,READ,549719511040,4096
175692,process4,WRITE,565467471872,4096
175925,process3,READ,375673061376,4096
175947,process3,READ,821548761088,4096
176545,process3,WRITE,707322888192,4096
177124,process3,WRITE,668315267072,4096
177633,process4,READ,422993387520,4096
178005,process1,WRITE,148029960192,4096
178856,process3,WRITE,1045210537984,4096
178949,process3,WRITE,1094987534336,4096
179889,process4,READ,188236689408,4096
180557,process3,READ,544883339264,4096
181050,process4,READ,194869354496,4096
181946,process2,READ,415305097216,4096
182335,process2,WRITE,672376696832,4096
182496,process2,READ,562846429184,4096
182656,process1,WRITE,858505949184,4096
183039,process3,WRITE,374450225152,4096
183783,process1,READ,961632530432,4096
184494,process2,READ,283913408512,4096
184588,process3,WRITE,157627539456,4096
184814,process4,READ,786045964288,4096
185493,process2,READ,443131375616,4096
186417,process2,WRITE,512364544000,4096
187401,process1,READ,324304084992,4096
188152,process3,READ,1030998724608,4096
188157,process1,WRITE,562070040576,4096
188920,process1,WRITE,73371398144,4096
189627,process3,READ,288465805312,4096
190270,process1,WRITE,170622611456,4096
190802,process4,READ,1081095237632,4096
191469,process1,READ,279360331776,4096
192285,process1,WRITE,293702254592,4096
193285,process3,READ,704176332800,4096
193735,process4,READ,1019734441984,4096
194034,process2,READ,767426187264,4096
194310,process2,WRITE,946095484928,4096
194618,process1,READ,615346966528,4096
195228,process2,READ,473996705792,4096
195427,process3,WRITE,831173263360,4096
195497,process4,WRITE,823538012160,4096
196308,process2,READ,192923324416,4096
196417,process3,WRITE,537173827584,4096
197268,process3,WRITE,729288232960,4096
197366,process2,WRITE,235314495488,4096
197430,process4,WRITE,29640806400,4096
198248,process4,WRITE,843799744512,4096
199199,process3,WRITE,859678334976,4096
200051,process3,WRITE,827729068032,4096
200668,process4,READ,388842655744,4096
200787,process1,WRITE,571611148288,4096
200789,process2,READ,560329609216,4096
200932,process2,READ,646980038656,4096
201308,process3,READ,340771033088,4096
202113,process3,WRITE,777614622720,4096
202801,process2,READ,801307082752,4096
203119,process4,READ,604449935360,4096
203789,process4,READ,841311559680,4096
204041,process3,READ,474066939904,4096
204638,process4,WRITE,1003542286336,4096
205562,process1,WRITE,850032607232,4096
206465,process4,READ,581285601280,4096
207013,process2,READ,246230347776,4096
207590,process3,WRITE,741189390336,4096
208034,process2,READ,140035670016,4096
208260,process1,WRITE,473182863360,4096
208895,process4,WRITE,490132353024,4096
209261,process1,READ,268430942208,4096
210061,process2,READ,732142604288,4096
210298,process2,READ,846980325376,4096
210821,process3,WRITE,191049654272,4096
210885,process2,READ,549858955264,4096
211389,process2,READ,948717764608,4096
212101,process3,WRITE,339771781120,4096
212569,process3,WRITE,890074947584,4096
212754,process4,WRITE,379124985856,4096
213404,process1,WRITE,912734191616,4096
213452,process2,WRITE,383371853824,4096
213877,process4,READ,269897658368,4096
214013,process3,READ,238362968064,4096
214691,process1,WRITE,743728635904,4096
215325,process2,READ,176763650048,4096
215663,process2,READ,413774528512,4096
216550,process3,READ,712461398016,4096
216939,process3,READ,287107289088,4096
217411,process3,WRITE,190273937408,4096
218366,process1,READ,532971159552,4096
218465,process1,READ,837185605632,4096
218698,process3,READ,1056822079488,4096
219109,process1,READ,96446517248,4096
219564,process1,WRITE,590319378432,4096
219913,process4,READ,693451943936,4096
220007,process2,WRITE,173916119040,4096
220317,process2,READ,355442405376,4096
221264,process3,READ,638138630144,4096
221530,process3,WRITE,1011795566592,4096
221777,process2,WRITE,876313755648,4096
222024,process4,READ,111295758336,4096
222853,process3,WRITE,495854665728,4096
223162,process4,READ,683686199296,4096
224129,process1,READ,402154323968,4096
224957,process1,READ,928871137280,4096
225486,process3,READ,854501474304,4096
226080,process2,WRITE,539806646272,4096
226204,process1,READ,734587682816,4096
226407,process1,READ,430298742784,4096
227310,process2,WRITE,1036999065600,4096
228027,process1,WRITE,859555463168,4096
228274,process4,READ,1052398526464,4096
228566,process2,READ,1011094441984,4096
228732,process1,READ,743121633280,4096
229130,process2,WRITE,79774633984,4096
229563,process3,READ,385377341440,4096
229825,process2,WRITE,442071674880,4096
230741,process2,READ,381234139136,4096
231094,process4,WRITE,467698208768,4096
231710,process1,WRITE,778418135040,4096
232103,process4,WRITE,80560844800,4096
232595,process2,READ,1038314700800,4096
232599,process3,WRITE,737082155008,4096
233194,process1,WRITE,631925932032,4096
234143,process4,WRITE,848462561280,4096
234730,process1,READ,949175545856,4096
235649,process2,WRITE,73646825472,4096
236280,process1,READ,706360713216,4096
236724,process1,READ,620410462208,4096
237180,process1,WRITE,850243813376,4096
237426,process3,READ,952413048832,4096
237804,process4,WRITE,1009474224128,4096
238614,process1,WRITE,1013685374976,4096
239409,process1,WRITE,338477789184,4096
239447,process2,READ,184193818624,4096
240444,process2,READ,277131333632,4096
240502,process1,READ,681880305664,4096
241500,process2,READ,535515017216,4096
242085,process3,READ,596171304960,4096
242480,process2,READ,670464589824,4096
243398,process3,READ,230044876800,4096
243598,process4,WRITE,120449925120,4096
244210,process4,READ,556856954880,4096
244982,process1,READ,235645370368,4096
245269,process4,READ,260376805376,4096
245305,process3,READ,58372870144,4096
245658,process4,READ,627265290240,4096
246470,process3,WRITE,82510036992,4096
247443,process2,WRITE,415630012416,4096
248270,process1,WRITE,915378794496,4096
248319,process3,WRITE,1662959616,4096
248446,process4,READ,220844920832,4096
248619,process2,WRITE,59758551040,4096
249028,process3,READ,573374361600,4096
249395,process3,WRITE,67816210432,4096
249553,process2,WRITE,329539829760,4096
250071,process3,READ,932926144512,4096
250607,process2,WRITE,885385232384,4096
250682,process3,WRITE,1041180835840,4096
251322,process2,WRITE,934984372224,4096
252198,process1,READ,882532323328,4096
252253,process1,READ,296551444480,4096
253132,process3,READ,432033128448,4096
253878,process2,READ,509977493504,4096
253999,process2,READ,183486701568,4096
254597,process3,WRITE,497683275776,4096
255027,process1,READ,29558661120,4096
255334,process2,READ,723374292992,4096
255977,process1,READ,641480589312,4096
256024,process2,READ,114697842688,4096
256575,process3,WRITE,643346706432,4096
257302,process4,READ,1050487558144,4096
258102,process1,WRITE,232762494976,4096
258771,process4,WRITE,230722056192,4096
259383,process4,READ,320847155200,4096
260088,process3,WRITE,428377698304,4096
260993,process4,WRITE,832670973952,4096
261825,process1,READ,900813283328,4096
262310,process4,READ,498253430784,4096
262505,process2,READ,736025874432,4096
263147,process1,READ,1082455560192,4096
264021,process3,READ,941865250816,4096
264472,process1,READ,229366235136,4096
265125,process1,READ,499632361472,4096
265392,process4,READ,625404358656,4096
266273,process4,WRITE,451793223680,4096
266819,process3,WRITE,753966178304,4096
267568,process1,WRITE,845100040192,4096
268015,process3,READ,821256822784,4096
268419,process4,READ,68758626304,4096
268694,process3,READ,350161350656,4096
269291,process3,WRITE,30943301632,4096
269666,process3,READ,1086448472064,4096
270305,process3,WRITE,243284561920,4096
270765,process1,WRITE,251434242048,4096
271045,process4,WRITE,397298798592,4096
271422,process2,READ,416093388800,4096
271903,process4,WRITE,331659829248,4096
272473,process4,WRITE,361954807808,4096
273197,process4,WRITE,411377274880,4096
274145,process4,WRITE,963609116672,4096
274971,process2,WRITE,877604708352,4096
275343,process4,WRITE,440135856128,4096
275522,process3,WRITE,641407692800,4096
276051,process3,WRITE,215768817664,4096
276879,process1,WRITE,367569260544,4096
277779,process3,WRITE,759468220416,4096
278428,process2,READ,733474263040,4096
279055,process3,READ,92349710336,4096
279878,process3,READ,81027956736,4096
280131,process1,WRITE,965729583104,4096
280937,process1,WRITE,802859294720,4096
281876,process2,WRITE,905786347520,4096
282370,process4,WRITE,405399896064,4096
282460,process3,READ,292806782976,4096
283398,process3,WRITE,125781446656,4096
283992,process1,READ,880156610560,4096
284000,process3,READ,1007925628928,4096
284017,process2,WRITE,768461840384,4096
284074,process2,WRITE,866332962816,4096
285027,process4,WRITE,68134342656,4096
285331,process1,WRITE,989104263168,4096
285530,process3,WRITE,1033519054848,4096
286341,process4,READ,526192283648,4096
286819,process3,READ,1027990925312,4096
287252,process3,READ,372821147648,4096
287356,process2,READ,577340878848,4096
288214,process2,WRITE,71746686976,4096
288570,process1,WRITE,472256008192,4096
288637,process1,READ,146262560768,4096
289322,process2,READ,183624585216,4096
289406,process3,READ,120511614976,4096
290028,process4,WRITE,65717223424,4096
290183,process3,READ,1049232740352,4096
290428,process4,WRITE,670027464704,4096
290756,process4,WRITE,814794563584,4096
291747,process2,WRITE,303309647872,4096
291944,process4,READ,159697346560,4096
292525,process4,WRITE,782282850304,4096
292928,process1,WRITE,545267908608,4096
293620,process1,WRITE,885026209792,4096
293952,process3,WRITE,962188161024,4096
294798,process1,READ,88196186112,4096
295605,process1,WRITE,254064590848,4096
295855,process4,READ,801645424640,4096
295971,process2,WRITE,1089964843008,4096
296593,process4,WRITE,330635649024,4096
297310,process3,READ,912317886464,4096
297686,process4,READ,33831448576,4096
298052,process2,WRITE,577158389760,4096
298456,process1,WRITE,779020177408,4096
299024,process3,READ,514837311488,4096
300023,process4,READ,125454118912,4096
300803,process1,READ,679432441856,4096
301140,process4,WRITE,597968494592,4096
301149,process4,WRITE,953961631744,4096
301457,process2,READ,275709530112,4096
302172,process2,WRITE,266768343040,4096
302969,process4,READ,728773337088,4096
303532,process3,WRITE,118493466624,4096
303704,process4,WRITE,246927155200,4096
304125,process4,READ,156126380032,4096
305087,process2,WRITE,119175462912,4096
305153,process2,READ,134627663872,4096
305641,process2,WRITE,497638166528,4096
306509,process4,WRITE,570338660352,4096
306928,process3,READ,564059037696,4096
307260,process1,READ,906438279168,4096
307571,process3,WRITE,900818083840,4096
308350,process2,WRITE,598405316608,4096
309246,process1,WRITE,547532025856,4096
310151,process1,READ,465351421952,4096
310885,process4,WRITE,592988200960,4096
311102,process1,WRITE,759433486336,4096
311452,process3,WRITE,946237775872,4096
311688,process4,WRITE,81548722176,4096
311801,process4,READ,588487634944,4096
312393,process1,WRITE,759490002944,4096
313004,process3,WRITE,561066340352,4096
313982,process3,WRITE,381751365632,4096
314542,process3,READ,1083285549056,4096
314933,process4,WRITE,1047914377216,4096
315731,process3,WRITE,616023900160,4096
315751,process3,READ,557653331968,4096
316165,process4,WRITE,196407713792,4096
316648,process1,WRITE,937999396864,4096
316840,process2,READ,828254089216,4096
317782,process4,WRITE,500518014976,4096
318100,process3,READ,87873470464,4096
318500,process2,WRITE,924809195520,4096
318850,process1,READ,1052377718784,4096
319495,process4,WRITE,230968586240,4096
319881,process3,READ,765554257920,4096
320028,process2,WRITE,581629059072,4096
320519,process3,WRITE,621618847744,4096
321375,process4,READ,248571314176,4096
322160,process2,READ,56266698752,4096
323123,process2,READ,209607909376,4096
324030,process3,READ,217646731264,4096
324487,process1,WRITE,212669743104,4096
325337,process2,READ,146356191232,4096
325894,process1,WRITE,421482795008,4096
325912,process2,WRITE,147461464064,4096
325970,process2,WRITE,25531736064,4096
326685,process2,WRITE,381289443328,4096
326885,process1,READ,595816378368,4096
327150,process1,READ,287679524864,4096
327431,process4,READ,390891728896,4096
327435,process2,READ,253788078080,4096
327573,process3,READ,40606396416,4096
328414,process2,READ,483063865344,4096
329180,process3,READ,898899546112,4096
329561,process1,WRITE,517055291392,4096
329860,process2,READ,140033851392,4096
330666,process1,WRITE,670437249024,4096
331100,process4,WRITE,71887532032,4096
331602,process2,WRITE,891817533440,4096
332293,process4,READ,818302615552,4096
332692,process4,WRITE,425038127104,4096
332791,process3,WRITE,721152262144,4096
333059,process1,READ,881766690816,4096
333792,process4,WRITE,1066073001984,4096
334743,process2,READ,575487889408,4096
335307,process1,READ,895667560448,4096
335400,process2,READ,910164144128,4096
335606,process3,WRITE,723158388736,4096
336506,process2,WRITE,117027004416,4096
337107,process2,WRITE,876230868992,4096
337454,process2,WRITE,1011509198848,4096
338089,process4,WRITE,451298488320,4096
338769,process1,READ,529146896384,4096
339542,process2,WRITE,1037872599040,4096
339637,process3,READ,24880689152,4096
340098,process3,WRITE,740694351872,4096
340831,process2,READ,252924649472,4096
340862,process3,READ,335903244288,4096
341697,process4,WRITE,817093922816,4096
342483,process1,WRITE,475308646400,4096
343099,process1,WRITE,137669382144,4096
343356,process4,READ,859531800576,4096
344253,process4,READ,948311494656,4096
345249,process4,READ,770147299328,4096
345670,process2,READ,354765459456,4096
345786,process3,WRITE,572568608768,4096
345914,process2,WRITE,55803727872,4096
345934,process3,READ,497404735488,4096
346711,process1,WRITE,696165388288,4096
347584,process1,READ,1080575623168,4096
347865,process3,WRITE,1034836905984,4096
348032,process4,READ,877352833024,4096
348465,process1,READ,723262713856,4096
349072,process4,READ,361746255872,4096
349729,process1,READ,152976613376,4096
350069,process1,READ,1040622055424,4096
350481,process3,WRITE,935491203072,4096
350559,process1,WRITE,1080665677824,4096
351461,process3,WRITE,108293435392,4096
352412,process4,WRITE,720994762752,4096
353403,process2,WRITE,700737646592,4096
353978,process3,WRITE,246216032256,4096
354147,process4,READ,1022645891072,4096
354636,process2,READ,641373962240,4096
355460,process3,READ,866074664960,4096
355818,process1,WRITE,278667141120,4096
356374,process3,WRITE,1004973244416,4096
357129,process3,WRITE,622853591040,4096
357494,process1,WRITE,238424170496,4096
358205,process3,WRITE,666883620864,4096
358745,process4,READ,385190305792,4096
359150,process4,WRITE,638506844160,4096
359884,process2,READ,793696632832,4096
360477,process2,WRITE,126772006912,4096
361188,process1,READ,29579870208,4096
361696,process2,READ,992677527552,4096
362265,process4,READ,318289940480,4096
362994,process1,WRITE,82266439680,4096
363066,process1,WRITE,953076297728,4096
363950,process2,READ,305293438976,4096
364077,process2,READ,275325796352,4096
364563,process3,WRITE,715687383040,4096
365224,process1,WRITE,146400997376,4096
365932,process4,WRITE,56124686336,4096
365964,process2,READ,756057989120,4096
366535,process3,WRITE,125524758528,4096
366826,process3,READ,155647528960,4096
367555,process4,WRITE,154398183424,4096
368515,process2,WRITE,782406209536,4096
369434,process2,WRITE,215023194112,4096
370342,process2,WRITE,517483352064,4096
371214,process4,WRITE,337842462720,4096
371828,process2,WRITE,325184176128,4096
372627,process2,WRITE,201667805184,4096
372826,process3,WRITE,861207764992,4096
373011,process2,READ,996486828032,4096
373024,process4,READ,276736942080,4096
373280,process2,READ,592262791168,4096
373485,process1,READ,1079897583616,4096
374106,process3,READ,414050160640,4096
374604,process2,READ,453095477248,4096
375456,process4,READ,699289333760,4096
375662,process4,READ,1000422260736,4096
376404,process4,READ,531655905280,4096
377094,process3,WRITE,700901318656,4096
377914,process1,READ,375439351808,4096
378004,process1,WRITE,174290644992,4096
378623,process2,WRITE,550293794816,4096
378746,process1,READ,517845647360,4096
379570,process2,WRITE,215642517504,4096
380012,process4,READ,27479138304,4096
380932,process1,WRITE,397272870912,4096
381926,process1,READ,759828209664,4096
382466,process3,WRITE,169622757376,4096
382819,process4,READ,709821071360,4096
383611,process4,READ,820440727552,4096
384450,process1,WRITE,368669978624,4096
384846,process1,READ,478155620352,4096
385165,process1,READ,99808026624,4096
385475,process4,READ,498608062464,4096
386446,process4,WRITE,994094923776,4096
387058,process4,WRITE,259941535744,4096
387663,process3,WRITE,431871328256,4096
387785,process2,WRITE,270183251968,4096
388537,process1,WRITE,77812015104,4096
388878,process3,WRITE,1018362478592,4096
389877,process1,WRITE,761440284672,4096
390560,process3,READ,758328352768,4096
391179,process2,READ,799468658688,4096
391254,process4,WRITE,436166328320,4096
391673,process1,WRITE,1069395005440,4096
392461,process1,WRITE,3667861504,4096
392985,process4,WRITE,795517292544,4096
393501,process3,READ,731981492224,4096
394447,process2,WRITE,136379899904,4096
394629,process2,READ,17210413056,4096
394844,process3,READ,626401951744,4096
394912,process2,WRITE,512808529920,4096
395404,process2,WRITE,797572313088,4096
396377,process2,READ,670467280896,4096
396877,process1,WRITE,1037891985408,4096
397518,process1,WRITE,913429614592,4096
397906,process1,WRITE,551777681408,4096
397945,process1,READ,513617575936,4096
397990,process2,READ,819790430208,4096
398819,process4,WRITE,567162277888,4096
398846,process2,READ,787084218368,4096
399548,process3,WRITE,356816617472,4096
399549,process1,READ,398308212736,4096
400243,process4,READ,457098907648,4096
401060,process4,READ,52914057216,4096
401353,process2,READ,1013783699456,4096
402150,process2,WRITE,800997294080,4096
402764,process3,READ,105767833600,4096
403613,process4,READ,703038500864,4096
404018,process2,READ,689236148224,4096
404555,process4,WRITE,744847532032,4096
405015,process3,WRITE,341181251584,4096
405094,process4,WRITE,680640004096,4096
405518,process3,READ,701897592832,4096
405723,process2,READ,620260044800,4096
406176,process1,READ,732944306176,4096
406884,process3,WRITE,936937295872,4096
407370,process4,READ,793401880576,4096
407587,process4,READ,393019658240,4096
407612,process1,READ,600259993600,4096
408598,process3,WRITE,788876500992,4096
408989,process4,WRITE,530373746688,4096
409581,process1,READ,314812125184,4096
410159,process3,READ,510324166656,4096
410445,process2,WRITE,533534638080,4096
410625,process2,READ,260621041664,4096
411240,process3,READ,155868794880,4096
411654,process2,WRITE,747208241152,4096
412295,process4,WRITE,432650436608,4096
412839,process2,READ,823208919040,4096
412956,process3,READ,656712847360,4096
413939,process3,READ,300486938624,4096
414393,process4,READ,945157603328,4096
415180,process2,WRITE,232862265344,4096
415388,process4,WRITE,599760228352,4096
415997,process4,WRITE,589623001088,4096
416539,process2,READ,759384735744,4096
417364,process4,READ,161342185472,4096
418335,process4,READ,979189932032,4096
418553,process3,READ,830917070848,4096
418901,process4,WRITE,687687434240,4096
419659,process3,WRITE,344749461504,4096
419836,process2,READ,477967486976,4096
420153,process3,READ,227804663808,4096
421082,process4,READ,594586189824,4096
421917,process1,WRITE,1061773832192,4096
422571,process2,WRITE,990525726720,4096
422590,process2,READ,293559910400,4096
422882,process1,READ,1034176540672,4096
423714,process3,WRITE,956483485696,4096
424108,process3,READ,461537955840,4096
424378,process1,READ,368966868992,4096
424641,process3,WRITE,488122621952,4096
425536,process3,WRITE,682125189120,4096
426191,process2,WRITE,663429091328,4096
427138,process4,READ,946833313792,4096
427465,process3,WRITE,856315293696,4096
428211,process1,WRITE,478460653568,4096
428677,process4,WRITE,123809628160,4096
429146,process1,READ,912575930368,4096
429670,process2,WRITE,935204974592,4096
430550,process4,READ,881070092288,4096
431491,process3,WRITE,79875211264,4096
431873,process1,READ,928459960320,4096
432016,process4,WRITE,715858198528,4096
432592,process1,WRITE,1039110205440,4096
432985,process4,READ,860489240576,4096
433026,process2,WRITE,878316519424,4096
433943,process1,READ,302590095360,4096
434912,process4,READ,528068853760,4096
435845,process1,READ,397128716288,4096
436344,process2,READ,506201923584,4096
436809,process1,WRITE,299496673280,4096
436903,process4,READ,681304547328,4096
436979,process3,WRITE,453479706624,4096
437288,process2,READ,266671611904,4096
437615,process2,READ,368415338496,4096
437917,process4,WRITE,53673996288,4096
438276,process1,READ,537865342976,4096
438673,process3,WRITE,667037794304,4096
438917,process2,WRITE,581363847168,4096
439364,process2,WRITE,121289441280,4096
439771,process4,WRITE,303396257792,4096
440394,process3,READ,481364733952,4096
441241,process3,WRITE,582274433024,4096
442160,process4,READ,851286839296,4096
442655,process3,READ,872147976192,4096
443187,process4,READ,395506135040,4096
443501,process1,WRITE,505599885312,4096
444361,process4,WRITE,807132897280,4096
445087,process2,READ,904909012992,4096
445220,process4,READ,500401545216,4096
446059,process1,READ,852101562368,4096
446116,process4,READ,1066928783360,4096
447063,process4,READ,532305993728,4096
447843,process1,WRITE,1080892235776,4096
448041,process3,READ,798411575296,4096
448284,process2,WRITE,166116831232,4096
448691,process2,WRITE,555085848576,4096
449012,process1,WRITE,34970456064,4096
449571,process1,WRITE,556601380864,4096
450343,process4,WRITE,139045244928,4096
451114,process1,READ,141163081728,4096
451935,process2,WRITE,60634550272,4096
452633,process3,READ,972831154176,4096
453365,process1,WRITE,857224089600,4096
453656,process1,WRITE,798899310592,4096
453890,process1,READ,542364790784,4096
454479,process4,WRITE,881194143744,4096
455433,process3,READ,459574132736,4096
455476,process1,READ,727469142016,4096
456128,process1,WRITE,402106818560,4096
456320,process1,WRITE,100347977728,4096
457097,process1,WRITE,513969176576,4096
458016,process4,READ,431480893440,4096
458546,process3,READ,348432158720,4096
459260,process3,WRITE,168273993728,4096
459384,process1,READ,171798188032,4096
460094,process1,READ,371515875328,4096
460674,process1,WRITE,473924919296,4096
460891,process4,READ,100926115840,4096
461430,process3,WRITE,893636292608,4096
462397,process2,WRITE,957614813184,4096
462714,process3,WRITE,119093506048,4096
463303,process1,READ,30334791680,4096
463612,process3,READ,685606379520,4096
464375,process2,WRITE,464918978560,4096
464858,process1,READ,302637494272,4096
464966,process3,READ,450399502336,4096
465172,process2,READ,974721036288,4096
465675,process3,READ,183318646784,4096
466663,process3,READ,720370790400,4096
467058,process1,WRITE,689394995200,4096
467480,process2,WRITE,470354055168,4096
467727,process4,READ,803594113024,4096
468389,process1,READ,667978498048,4096
468844,process2,READ,339463143424,4096
469018,process3,WRITE,505700290560,4096
470009,process2,READ,982798598144,4096
470575,process2,WRITE,1067023659008,4096
471054,process4,READ,565941891072,4096
471153,process4,READ,151278473216,4096
471182,process4,WRITE,565611532288,4096
471502,process4,WRITE,155418767360,4096
472091,process4,WRITE,673049866240,4096
472212,process4,WRITE,128284909568,4096
472395,process2,READ,53099483136,4096
472493,process4,READ,596263944192,4096
472779,process3,WRITE,1039994585088,4096
473153,process3,WRITE,741724364800,4096
473598,process3,WRITE,495421693952,4096
474465,process2,WRITE,349632192512,4096
475455,process2,READ,1050180231168,4096
475604,process3,READ,700351696896,4096
476103,process4,READ,1073137250304,4096
476425,process4,READ,464646217728,4096
477250,process4,READ,560722210816,4096
478082,process4,READ,110393151488,4096
479017,process2,WRITE,950305603584,4096
480017,process1,WRITE,628017188864,4096
480330,process1,WRITE,1038454329344,4096
480999,process3,WRITE,69325434880,4096
481220,process1,READ,817248677888,4096
481440,process3,WRITE,955584294912,4096
481881,process1,READ,254299054080,4096
482366,process4,WRITE,803626606592,4096
482795,process1,READ,747370446848,4096
482864,process3,WRITE,734738755584,4096
483073,process4,WRITE,242878103552,4096
483926,process3,READ,591433748480,4096
483972,process3,WRITE,953829482496,4096
484553,process1,READ,206589980672,4096
484787,process2,WRITE,196314423296,4096
485562,process3,WRITE,674138943488,4096
485631,process4,WRITE,684275068928,4096
485719,process2,READ,795475439616,4096
486432,process4,WRITE,1066182205440,4096
487346,process2,WRITE,143897001984,4096
488189,process1,WRITE,553363329024,4096
488789,process2,WRITE,919941939200,4096
488802,process4,WRITE,193723428864,4096
489155,process1,WRITE,369395638272,4096
489729,process3,READ,226354978816,4096
490567,process1,READ,38956060672,4096
490944,process4,WRITE,430441005056,4096
491189,process3,WRITE,973670400000,4096
491360,process4,WRITE,432970948608,4096
491905,process2,READ,1082415206400,4096
492029,process2,READ,182197334016,4096
