timestamp,process_id,type,address,size
0,process2,WRITE,149402775552,4096
490,process4,WRITE,681290194944,4096
1068,process2,WRITE,677398020096,4096
1492,process2,READ,35332136960,4096
2212,process2,READ,1034013421568,4096
2961,process2,READ,587783659520,4096
3831,process1,WRITE,581403070464,4096
4090,process4,READ,13049430016,4096
4697,process2,READ,512146141184,4096
5116,process3,WRITE,1006163574784,4096
5680,process4,WRITE,940767682560,4096
6261,process3,READ,624251027456,4096
6610,process3,WRITE,76576133120,4096
6934,process1,WRITE,42597785600,4096
7596,process4,WRITE,470283796480,4096
8057,process1,WRITE,451859075072,4096
8810,process2,READ,855541313536,4096
9793,process2,READ,320835059712,4096
10702,process3,READ,1034958389248,4096
11234,process3,READ,7604543488,4096
11859,process2,WRITE,960360779776,4096
11969,process3,READ,759086247936,4096
12490,process4,WRITE,124738936832,4096
13433,process1,READ,101001809920,4096
14407,process3,READ,293127798784,4096
14417,process3,READ,61664296960,4096
15053,process2,WRITE,525603569664,4096
15557,process2,WRITE,213851140096,4096
16443,process2,READ,480548503552,4096
16677,process2,READ,952978812928,4096
16856,process4,WRITE,45954936832,4096
17765,process4,READ,550775992320,4096
18365,process2,READ,204238942208,4096
18444,process2,READ,839500136448,4096
19412,process4,READ,655007727616,4096
19898,process2,WRITE,979250749440,4096
20591,process4,READ,271408549888,4096
21461,process3,READ,58336788480,4096
22332,process3,READ,570788036608,4096
22701,process4,WRITE,885752377344,4096
22825,process2,WRITE,272314433536,4096
23486,process4,READ,200060801024,4096
23850,process4,READ,125716459520,4096
24035,process2,WRITE,272051875840,4096
24509,process2,READ,157899276288,4096
25016,process3,WRITE,729712558080,4096
25272,process1,WRITE,172416286720,4096
25343,process3,READ,279047127040,4096
26273,process3,READ,117788856320,4096
26859,process3,READ,694695919616,4096
27401,process3,READ,84503625728,4096
27508,process4,WRITE,738029002752,4096
28061,process4,READ,237526904832,4096
28417,process2,READ,683763232768,4096
28997,process4,READ,661754945536,4096
29666,process4,WRITE,135357448192,4096
30125,process2,READ,877081858048,4096
30345,process1,READ,571092480000,4096
30607,process1,READ,1016036274176,4096
30916,process2,READ,206387212288,4096
31461,process1,WRITE,14478888960,4096
32278,process1,READ,663295901696,4096
33038,process3,READ,827280416768,4096
33693,process2,WRITE,1007178772480,4096
34321,process3,WRITE,612145283072,4096
34456,process3,WRITE,446970699776,4096
35448,process2,READ,102105960448,4096
36170,process1,READ,558275645440,4096
36454,process4,READ,752143613952,4096
37029,process2,WRITE,526950952960,4096
37044,process3,READ,524288704512,4096
37678,process1,WRITE,83338293248,4096
38543,process4,READ,343429177344,4096
38918,process4,READ,386763575296,4096
39768,process4,READ,321831272448,4096
40189,process3,WRITE,317505515520,4096
40833,process3,READ,277806813184,4096
41814,process3,READ,1020161277952,4096
42366,process1,WRITE,418626822144,4096
42522,process1,WRITE,454713520128,4096
43410,process3,WRITE,915585728512,4096
44380,process2,READ,271770562560,4096
44620,process3,WRITE,600948699136,4096
45212,process4,WRITE,85186490368,4096
45400,process1,WRITE,193193172992,4096
46050,process4,READ,376247640064,4096
46369,process3,WRITE,735203741696,4096
46643,process1,READ,515820838912,4096
47374,process4,READ,395189907456,4096
47694,process4,READ,1073781768192,4096
48075,process1,READ,636873060352,4096
48119,process1,WRITE,640943644672,4096
48983,process3,WRITE,764025405440,4096
49638,process1,READ,190157770752,4096
50199,process4,WRITE,275827466240,4096
50318,process4,READ,787042791424,4096
51243,process1,WRITE,570194259968,4096
51837,process1,WRITE,887960948736,4096
52405,process4,WRITE,895760134144,4096
53389,process2,READ,560023064576,4096
54082,process3,READ,24097148928,4096
54578,process3,WRITE,350752083968,4096
55509,process4,WRITE,924832092160,4096
55812,process4,READ,348466229248,4096
56513,process3,WRITE,832956542976,4096
56514,process2,WRITE,673512214528,4096
57198,process1,READ,613466640384,4096
57403,process1,READ,1053876686848,4096
58335,process1,WRITE,555670069248,4096
58354,process1,READ,203738140672,4096
59274,process4,READ,915996966912,4096
59771,process1,WRITE,1065572401152,4096
60639,process1,READ,316766384128,4096
61506,process3,WRITE,1254932480,4096
61910,process4,WRITE,214889893888,4096
62659,process3,READ,422789816320,4096
63400,process2,READ,656128868352,4096
63941,process4,WRITE,719125196800,4096
63991,process1,WRITE,288183939072,4096
64568,process1,WRITE,1031082844160,4096
65415,process4,READ,256333393920,4096
66257,process4,READ,444792815616,4096
66825,process4,WRITE,160909148160,4096
67159,process4,WRITE,80831598592,4096
67485,process4,READ,907004899328,4096
68311,process3,READ,742723338240,4096
69211,process3,WRITE,642515775488,4096
70002,process1,READ,997083471872,4096
70623,process4,WRITE,713029599232,4096
71623,process1,WRITE,653854097408,4096
72392,process1,READ,907056369664,4096
72511,process2,WRITE,705320271872,4096
72632,process2,READ,9585078272,4096
73551,process2,READ,847366561792,4096
74245,process1,READ,1073670512640,4096
74290,process4,WRITE,206810128384,4096
74345,process4,READ,450630352896,4096
74813,process3,WRITE,194052354048,4096
74896,process4,READ,969656414208,4096
75535,process2,READ,1094160883712,4096
76435,process2,READ,100330274816,4096
76496,process2,WRITE,133886156800,4096
77192,process2,WRITE,229554966528,4096
78071,process4,READ,716719456256,4096
78886,process3,WRITE,625132736512,4096
79641,process2,WRITE,901080739840,4096
80495,process3,WRITE,286943989760,4096
80826,process4,WRITE,394388967424,4096
80986,process1,WRITE,813857075200,4096
81702,process1,WRITE,993004675072,4096
82036,process2,READ,972242022400,4096
82922,process1,WRITE,565847793664,4096
83707,process2,READ,406363381760,4096
84323,process3,READ,554543497216,4096
84828,process1,READ,705555365888,4096
84928,process3,WRITE,144710979584,4096
85121,process3,READ,468723339264,4096
85397,process1,READ,336129921024,4096
85926,process2,READ,664635092992,4096
86731,process3,READ,977497149440,4096
87518,process3,WRITE,896220884992,4096
88071,process3,WRITE,968303439872,4096
88263,process3,WRITE,431856054272,4096
88529,process4,WRITE,530309529600,4096
88985,process3,READ,925959610368,4096
89041,process2,WRITE,707362516992,4096
89164,process4,WRITE,1069902970880,4096
89639,process1,WRITE,243877019648,4096
89751,process2,READ,621341511680,4096
90714,process1,READ,858137911296,4096
91073,process3,READ,876022226944,4096
91301,process2,WRITE,603431313408,4096
92147,process3,WRITE,236068134912,4096
92861,process1,READ,718066786304,4096
93788,process2,READ,626926997504,4096
93850,process4,WRITE,923078070272,4096
94136,process3,READ,779043971072,4096
94355,process4,READ,549738782720,4096
94547,process1,READ,96785035264,4096
95352,process2,WRITE,47791489024,4096
96070,process1,WRITE,464854941696,4096
96119,process3,WRITE,1078596648960,4096
97052,process1,WRITE,1057726050304,4096
97908,process3,READ,150379163648,4096
98500,process1,WRITE,207391252480,4096
98769,process4,WRITE,577251184640,4096
98884,process4,READ,998427533312,4096
99718,process4,READ,380483248128,4096
100257,process1,WRITE,472365318144,4096
100765,process2,READ,537278701568,4096
101008,process2,WRITE,839149355008,4096
101082,process3,WRITE,838674997248,4096
101193,process3,READ,500089749504,4096
101617,process3,WRITE,781207429120,4096
101648,process3,WRITE,676898410496,4096
102182,process2,READ,590135627776,4096
102659,process2,READ,1052380655616,4096
103563,process3,WRITE,1094534107136,4096
104534,process3,READ,770393321472,4096
105195,process3,WRITE,53745221632,4096
105295,process4,READ,8136794112,4096
105421,process3,WRITE,1023860195328,4096
105766,process3,READ,830626885632,4096
106159,process1,WRITE,29500121088,4096
106705,process3,WRITE,41626779648,4096
106793,process2,WRITE,575708323840,4096
106869,process3,READ,617590054912,4096
107612,process2,WRITE,443631017984,4096
108179,process1,WRITE,707308560384,4096
108867,process4,WRITE,477288677376,4096
109851,process3,READ,433984688128,4096
110631,process4,WRITE,618778841088,4096
111364,process4,WRITE,532122083328,4096
112349,process3,READ,694705627136,4096
112800,process4,WRITE,634420846592,4096
113774,process2,WRITE,507032199168,4096
113851,process3,READ,465506250752,4096
114755,process2,WRITE,597400563712,4096
115746,process4,WRITE,745648996352,4096
115966,process3,READ,371191599104,4096
116952,process4,READ,982416044032,4096
117946,process1,READ,179273994240,4096
118505,process3,WRITE,122200670208,4096
119046,process2,WRITE,220395393024,4096
119487,process4,WRITE,150054227968,4096
119588,process2,WRITE,649096904704,4096
120567,process4,READ,1062365401088,4096
121285,process3,READ,352291790848,4096
121532,process2,WRITE,229631397888,4096
122374,process4,WRITE,266253971456,4096
122671,process2,WRITE,991274225664,4096
122891,process3,READ,219957489664,4096
123418,process2,WRITE,364913205248,4096
123848,process3,WRITE,759327870976,4096
123994,process4,WRITE,1084427862016,4096
124496,process3,READ,668868059136,4096
124952,process3,READ,324993581056,4096
125294,process1,READ,159236108288,4096
125511,process1,READ,119087435776,4096
126468,process3,READ,106919899136,4096
126811,process3,READ,1046778187776,4096
127448,process1,WRITE,181975814144,4096
128427,process1,WRITE,429214085120,4096
129224,process2,READ,676940963840,4096
129293,process1,READ,825001943040,4096
129810,process1,WRITE,913144946688,4096
130479,process2,WRITE,903728959488,4096
130640,process4,WRITE,301518237696,4096
131412,process2,WRITE,306459807744,4096
131481,process4,WRITE,440059674624,4096
132411,process1,READ,365998645248,4096
133059,process1,WRITE,1060726648832,4096
133305,process3,READ,893744902144,4096
133409,process3,WRITE,198663073792,4096
134385,process4,READ,357411713024,4096
134581,process2,READ,21256777728,4096
134611,process1,WRITE,1065282482176,4096
135155,process1,READ,967613292544,4096
135662,process2,READ,285022855168,4096
136047,process1,WRITE,1053405265920,4096
136526,process4,WRITE,839541878784,4096
136777,process1,WRITE,645452640256,4096
137545,process3,WRITE,1012661194752,4096
138153,process1,WRITE,659553026048,4096
138967,process1,WRITE,797614981120,4096
139926,process3,READ,373693337600,4096
140150,process2,WRITE,96175648768,4096
140363,process1,WRITE,218627850240,4096
141212,process2,WRITE,288078057472,4096
141458,process1,READ,724985946112,4096
141860,process4,READ,912414420992,4096
141861,process1,WRITE,149096890368,4096
142181,process1,READ,536219209728,4096
142514,process4,WRITE,526140985344,4096
142808,process4,READ,640783896576,4096
143566,process3,WRITE,974565257216,4096
143992,process2,READ,699163586560,4096
144448,process4,WRITE,842559860736,4096
144566,process1,WRITE,174891458560,4096
144581,process1,WRITE,877456445440,4096
145377,process1,WRITE,930086658048,4096
146193,process2,WRITE,504610144256,4096
146949,process1,WRITE,428282560512,4096
147379,process3,READ,486406848512,4096
147691,process1,WRITE,711729414144,4096
148224,process3,READ,902915989504,4096
149103,process3,WRITE,393888899072,4096
149508,process2,READ,778088771584,4096
150369,process3,WRITE,307445547008,4096
151184,process4,WRITE,1000804941824,4096
151187,process3,READ,177056452608,4096
151894,process4,READ,936232484864,4096
152396,process1,WRITE,39081754624,4096
152415,process1,WRITE,901319340032,4096
152981,process1,WRITE,90062495744,4096
153454,process4,WRITE,105523015680,4096
154259,process1,READ,763270356992,4096
154880,process4,READ,328296357888,4096
155694,process1,READ,792906522624,4096
156392,process3,READ,1085626814464,4096
156403,process4,WRITE,231737360384,4096
156810,process1,READ,822702821376,4096
157519,process4,WRITE,659186114560,4096
158177,process4,WRITE,173512404992,4096
158895,process3,READ,152734257152,4096
159016,process2,READ,179196071936,4096
159317,process3,WRITE,462361919488,4096
160047,process3,READ,430012243968,4096
160696,process4,WRITE,373352701952,4096
161036,process1,READ,398882713600,4096
161962,process4,WRITE,87094161408,4096
162247,process3,READ,712742170624,4096
162628,process4,WRITE,302544916480,4096
162704,process3,WRITE,790460055552,4096
163562,process4,READ,872089677824,4096
164155,process4,WRITE,563739582464,4096
165034,process4,WRITE,654687506432,4096
165601,process1,WRITE,70982414336,4096
165973,process1,WRITE,158225604608,4096
166265,process1,WRITE,592879026176,4096
167204,process4,WRITE,897616494592,4096
167680,process2,WRITE,333289615360,4096
167799,process4,READ,64670461952,4096
167865,process3,WRITE,967598362624,4096
167979,process3,READ,580886118400,4096
168875,process2,READ,858042646528,4096
168932,process2,READ,515332702208,4096
169310,process1,READ,191311171584,4096
169755,process3,WRITE,460672507904,4096
169884,process1,WRITE,960597467136,4096
170005,process4,WRITE,989201195008,4096
170389,process4,WRITE,1033208389632,4096
170743,process2,WRITE,534580867072,4096
171112,process2,WRITE,828365320192,4096
171986,process3,READ,418698104832,4096
172919,process3,WRITE,699020627968,4096
173618,process1,READ,681781055488,4096
173793,process3,READ,544271790080,4096
174140,process4,READ,943752343552,4096
174413,process2,WRITE,61955502080,4096
174919,process2,READ,758367412224,4096
175281,process4,WRITE,3244638208,4096
175327,process4,WRITE,451727736832,4096
176193,process2,WRITE,1004623949824,4096
177018,process2,WRITE,680659742720,4096
177041,process1,WRITE,774487805952,4096
177060,process1,READ,1007102455808,4096
178021,process2,READ,984619765760,4096
178995,process3,READ,1067456114688,4096
179445,process4,WRITE,661176741888,4096
179587,process4,READ,217264222208,4096
180394,process2,READ,799130546176,4096
181314,process2,WRITE,77711192064,4096
182236,process4,WRITE,336368504832,4096
182998,process2,WRITE,231454048256,4096
183673,process4,READ,679661391872,4096
183742,process3,READ,534141091840,4096
184050,process2,READ,602437918720,4096
184440,process4,WRITE,479805091840,4096
184840,process2,READ,406142058496,4096
185296,process4,READ,414471430144,4096
185455,process4,READ,318282264576,4096
186428,process3,READ,496991141888,4096
187288,process1,WRITE,533538189312,4096
187873,process4,READ,541250609152,4096
188454,process3,READ,761969573888,4096
188833,process1,READ,776959098880,4096
189754,process2,READ,1006200565760,4096
190741,process1,WRITE,1057794650112,4096
191359,process4,READ,165616795648,4096
191932,process3,WRITE,577485811712,4096
192444,process3,READ,463927537664,4096
193154,process2,READ,373559369728,4096
193278,process4,READ,1047144620032,4096
194043,process2,READ,389458305024,4096
194047,process4,READ,97354600448,4096
194914,process2,READ,502072385536,4096
195279,process3,WRITE,858223280128,4096
196074,process4,READ,1090323660800,4096
196812,process3,WRITE,347863023616,4096
196915,process2,READ,979113209856,4096
197607,process1,READ,826989236224,4096
198529,process4,WRITE,662089920512,4096
198958,process1,WRITE,172251754496,4096
199836,process3,WRITE,226120970240,4096
200033,process2,READ,510279196672,4096
200106,process2,WRITE,989905760256,4096
200716,process2,READ,300359114752,4096
201452,process1,WRITE,32251236352,4096
201787,process2,READ,622419435520,4096
202085,process3,READ,616715358208,4096
202337,process1,READ,25439100928,4096
202703,process2,READ,496978358272,4096
202777,process3,READ,331551367168,4096
203417,process4,READ,784103854080,4096
203573,process1,READ,168608497664,4096
203754,process2,WRITE,420103139328,4096
204502,process2,WRITE,461441777664,4096
204948,process3,WRITE,757371949056,4096
205026,process2,READ,433325019136,4096
205332,process2,READ,723509125120,4096
206165,process1,READ,285000933376,4096
206174,process2,WRITE,947502108672,4096
206901,process3,READ,970453839872,4096
207414,process1,READ,1282494464,4096
208201,process1,READ,783717326848,4096
208204,process1,READ,731179765760,4096
208474,process2,WRITE,819088392192,4096
209134,process3,READ,619543875584,4096
209245,process4,WRITE,630053097472,4096
209881,process1,READ,380299943936,4096
210604,process1,WRITE,474949689344,4096
211444,process3,WRITE,684174061568,4096
212019,process2,WRITE,760400166912,4096
212895,process4,READ,194179813376,4096
213273,process3,WRITE,925766553600,4096
213448,process4,WRITE,1027836846080,4096
213539,process1,READ,933281374208,4096
213720,process4,READ,969300824064,4096
214382,process2,READ,932318273536,4096
214523,process1,WRITE,312590819328,4096
215149,process1,READ,38834876416,4096
215292,process1,WRITE,642955173888,4096
215341,process1,READ,501111898112,4096
215688,process2,WRITE,240470142976,4096
216199,process1,WRITE,226115088384,4096
216688,process1,WRITE,561366777856,4096
216803,process3,WRITE,337890693120,4096
217430,process4,READ,903852281856,4096
218421,process3,WRITE,1069729181696,4096
219377,process2,WRITE,13481115648,4096
220317,process1,READ,581146001408,4096
220562,process4,READ,165492277248,4096
221465,process2,WRITE,818432602112,4096
221551,process4,READ,76732878848,4096
221808,process2,READ,5729046528,4096
222788,process4,READ,172074377216,4096
222821,process3,WRITE,42666315776,4096
223268,process4,READ,397954347008,4096
223423,process1,WRITE,775449088000,4096
224205,process4,READ,739359801344,4096
225158,process4,WRITE,537919193088,4096
225655,process3,WRITE,515882549248,4096
225986,process3,WRITE,522136825856,4096
226184,process2,READ,586623496192,4096
226799,process4,WRITE,930908680192,4096
226835,process3,WRITE,437171261440,4096
227169,process4,WRITE,442032680960,4096
227814,process4,READ,801080709120,4096
227952,process1,READ,939596607488,4096
228847,process4,WRITE,1069242023936,4096
229401,process4,READ,383423799296,4096
229422,process3,READ,322709516288,4096
229809,process2,WRITE,910260428800,4096
230372,process3,READ,14874087424,4096
230814,process4,READ,872956219392,4096
231316,process3,READ,334815440896,4096
232239,process4,READ,1024135860224,4096
232912,process2,WRITE,87125049344,4096
233637,process3,READ,567117402112,4096
233964,process4,READ,231907803136,4096
234254,process2,WRITE,662909018112,4096
234800,process3,READ,924755206144,4096
235624,process2,READ,967153725440,4096
236441,process3,READ,761892966400,4096
236787,process1,READ,56783888384,4096
237250,process4,READ,368325189632,4096
237795,process3,READ,223402389504,4096
237894,process2,WRITE,682900045824,4096
238789,process3,READ,50497490944,4096
239057,process3,WRITE,166920208384,4096
239485,process1,READ,945375625216,4096
240341,process1,READ,65723248640,4096
241114,process1,READ,846836002816,4096
241629,process2,WRITE,712802820096,4096
241842,process2,READ,963686944768,4096
242709,process2,READ,525222842368,4096
242904,process1,READ,944210841600,4096
243868,process4,WRITE,593957318656,4096
244536,process3,READ,645715492864,4096
245100,process4,WRITE,35519885312,4096
245889,process1,READ,254126387200,4096
246162,process4,WRITE,82478686208,4096
246272,process1,WRITE,189213515776,4096
246960,process1,READ,1082185474048,4096
247663,process1,WRITE,983350513664,4096
248014,process3,READ,175318323200,4096
248709,process1,READ,109458956288,4096
248882,process1,READ,888931102720,4096
249736,process1,READ,1077104103424,4096
250292,process2,READ,1041061834752,4096
250863,process1,WRITE,1035324317696,4096
251112,process1,WRITE,99903991808,4096
251436,process1,READ,965068963840,4096
251669,process1,READ,327908958208,4096
252502,process1,WRITE,827774283776,4096
253133,process4,WRITE,849536569344,4096
253788,process1,READ,422424821760,4096
254265,process1,READ,310083747840,4096
254833,process2,WRITE,821452996608,4096
255580,process2,READ,1078195363840,4096
256158,process1,READ,318113198080,4096
256516,process4,READ,922163257344,4096
256856,process2,WRITE,845124575232,4096
257315,process4,WRITE,915935318016,4096
257425,process1,WRITE,933995687936,4096
257707,process2,READ,159314677760,4096
258276,process1,READ,316998938624,4096
259015,process4,READ,763178778624,4096
259731,process1,WRITE,735877623808,4096
260165,process1,WRITE,847745847296,4096
260462,process1,WRITE,635217924096,4096
260641,process3,WRITE,185781608448,4096
261611,process3,WRITE,948251643904,4096
262137,process4,WRITE,263563849728,4096
262890,process2,READ,280210612224,4096
263449,process4,READ,78335184896,4096
264024,process3,WRITE,267038064640,4096
264653,process2,WRITE,1011723976704,4096
264926,process3,WRITE,43797942272,4096
265436,process1,READ,361881227264,4096
266244,process2,READ,759171928064,4096
266755,process4,READ,557233397760,4096
266771,process4,WRITE,789816512512,4096
266971,process2,WRITE,173982490624,4096
267006,process1,READ,53407297536,4096
267171,process4,READ,1037466955776,4096
267295,process3,READ,1048348184576,4096
267755,process3,READ,726816993280,4096
268625,process4,READ,207139848192,4096
269387,process4,READ,889900892160,4096
269448,process2,WRITE,44572381184,4096
270303,process3,WRITE,971725144064,4096
270759,process4,READ,548639109120,4096
271243,process4,WRITE,299775422464,4096
271347,process3,WRITE,154973167616,4096
271806,process3,WRITE,734069473280,4096
272720,process4,READ,878137585664,4096
273321,process3,READ,564080836608,4096
273637,process2,WRITE,917233745920,4096
274624,process4,WRITE,837542199296,4096
274667,process1,READ,134170828800,4096
274671,process2,WRITE,557753012224,4096
274733,process2,WRITE,88144732160,4096
274805,process2,WRITE,898200965120,4096
275182,process3,READ,820378951680,4096
275494,process2,READ,757922349056,4096
276368,process1,WRITE,691562000384,4096
277315,process2,READ,904061202432,4096
278009,process4,READ,746080796672,4096
278835,process4,READ,274367287296,4096
279712,process1,WRITE,533432774656,4096
280600,process1,WRITE,1063781773312,4096
280616,process3,READ,510813794304,4096
280953,process2,READ,792016015360,4096
281835,process3,WRITE,1035898560512,4096
282501,process2,READ,684387241984,4096
282705,process1,WRITE,569750482944,4096
282869,process2,READ,120956321792,4096
283691,process4,WRITE,100176297984,4096
284029,process1,READ,110116007936,4096
284551,process1,WRITE,18078322688,4096
285018,process2,WRITE,546648834048,4096
285173,process4,READ,950187855872,4096
285192,process3,WRITE,178901774336,4096
286125,process2,WRITE,305112961024,4096
286939,process2,WRITE,57683787776,4096
287087,process4,READ,872269344768,4096
287881,process1,READ,569324998656,4096
288063,process4,READ,819665473536,4096
288700,process2,WRITE,393916649472,4096
288714,process1,WRITE,337627553792,4096
289593,process4,WRITE,559669407744,4096
289777,process4,READ,103035719680,4096
290049,process4,READ,663974166528,4096
290639,process4,READ,72180785152,4096
291311,process4,READ,31120384000,4096
291448,process2,READ,370399526912,4096
291955,process1,READ,137305800704,4096
292953,process1,WRITE,828887150592,4096
292964,process2,READ,369200332800,4096
293349,process1,READ,524695801856,4096
293510,process4,WRITE,265723142144,4096
294373,process4,WRITE,357254295552,4096
294936,process2,READ,753616285696,4096
295120,process4,READ,482240376832,4096
295382,process2,READ,546164346880,4096
296347,process3,READ,516742799360,4096
296427,process4,READ,284405186560,4096
296904,process4,WRITE,743631511552,4096
297698,process1,WRITE,6545076224,4096
298093,process1,WRITE,352377782272,4096
298618,process4,READ,624119349248,4096
299437,process3,READ,967025483776,4096
299491,process4,READ,1007663398912,4096
300471,process1,WRITE,862956355584,4096
300936,process3,READ,175558795264,4096
301510,process2,WRITE,8292405248,4096
302432,process3,READ,243597959168,4096
302517,process4,WRITE,350616391680,4096
303341,process3,WRITE,344318504960,4096
303828,process4,WRITE,925357576192,4096
304589,process1,WRITE,944544641024,4096
305476,process3,WRITE,160875651072,4096
305884,process3,WRITE,1048622755840,4096
306876,process1,WRITE,581052452864,4096
307163,process3,WRITE,386173714432,4096
307983,process2,WRITE,436307329024,4096
308381,process3,WRITE,943566667776,4096
309362,process2,WRITE,537951170560,4096
309754,process3,READ,746640302080,4096
310547,process4,WRITE,194727858176,4096
311152,process4,READ,405410476032,4096
312001,process3,READ,640912801792,4096
312387,process1,WRITE,1047188033536,4096
312651,process3,WRITE,613809836032,4096
313187,process4,WRITE,467349979136,4096
313485,process3,READ,967914766336,4096
314365,process2,READ,344686333952,4096
315108,process3,WRITE,1037514252288,4096
315636,process3,READ,218095550464,4096
315935,process1,WRITE,248144609280,4096
316379,process2,WRITE,626393874432,4096
317015,process1,WRITE,187610734592,4096
317272,process2,READ,1053314727936,4096
317965,process2,WRITE,826711928832,4096
318215,process1,WRITE,58543779840,4096
318831,process4,WRITE,649390981120,4096
318836,process1,WRITE,453338005504,4096
319289,process1,READ,141990690816,4096
319507,process4,READ,866073817088,4096
319574,process2,READ,666750648320,4096
319746,process3,READ,1092398440448,4096
320648,process4,READ,307750887424,4096
320753,process3,WRITE,571696115712,4096
321679,process3,WRITE,142141022208,4096
322136,process2,READ,1053155577856,4096
322307,process3,READ,562329108480,4096
322316,process1,READ,51369889792,4096
323071,process2,WRITE,119856926720,4096
323996,process2,WRITE,265359609856,4096
324448,process2,READ,63486992384,4096
324891,process3,READ,551368253440,4096
325869,process2,WRITE,410442035200,4096
326310,process3,READ,85490724864,4096
326628,process3,READ,446310858752,4096
326820,process3,WRITE,95104487424,4096
327480,process4,WRITE,753235779584,4096
327911,process2,READ,162508075008,4096
328688,process4,WRITE,515631431680,4096
329456,process1,READ,876760686592,4096
330082,process4,READ,739476201472,4096
330338,process4,READ,47039959040,4096
330419,process3,WRITE,839682342912,4096
330811,process2,WRITE,127683850240,4096
330937,process2,WRITE,1031923265536,4096
331182,process4,WRITE,608700321792,4096
332166,process2,READ,568117207040,4096
332277,process4,READ,60991864832,4096
332355,process2,WRITE,886794252288,4096
332655,process1,READ,791264882688,4096
332794,process1,WRITE,1049972289536,4096
333456,process1,READ,270573760512,4096
333648,process4,WRITE,904355422208,4096
334451,process1,READ,352885063680,4096
334926,process3,WRITE,400534597632,4096
335371,process1,READ,515045888000,4096
336048,process2,READ,825815941120,4096
337020,process2,WRITE,245281546240,4096
337999,process4,READ,300673396736,4096
338307,process1,READ,419493175296,4096
338814,process2,READ,75498803200,4096
339053,process2,WRITE,654651125760,4096
339296,process2,READ,1007351853056,4096
339883,process1,WRITE,867416887296,4096
340072,process3,READ,934071631872,4096
341016,process2,WRITE,656954290176,4096
341763,process4,READ,810964987904,4096
342645,process2,WRITE,288119631872,4096
343442,process1,WRITE,987047899136,4096
343727,process1,WRITE,75342868480,4096
344224,process2,WRITE,1075710173184,4096
344465,process2,READ,1070933041152,4096
345305,process1,WRITE,62725373952,4096
345421,process4,READ,818542071808,4096
345950,process3,WRITE,792798257152,4096
346132,process2,WRITE,819984003072,4096
346475,process1,READ,964741885952,4096
347360,process2,READ,195046309888,4096
347941,process4,READ,177563226112,4096
348113,process4,WRITE,1026265731072,4096
348474,process3,READ,933930872832,4096
348830,process3,READ,62135123968,4096
349415,process2,WRITE,2930597888,4096
350189,process4,READ,809518747648,4096
350772,process4,READ,497858691072,4096
351401,process3,WRITE,557969526784,4096
352224,process2,READ,332013256704,4096
352527,process4,WRITE,750368301056,4096
353144,process1,WRITE,238337798144,4096
353880,process4,READ,345812959232,4096
353981,process1,WRITE,19676704768,4096
354151,process4,WRITE,628546404352,4096
354839,process1,WRITE,275809423360,4096
354984,process3,READ,11762044928,4096
355596,process3,READ,1061228113920,4096
356407,process1,READ,269544124416,4096
356660,process1,READ,1047126122496,4096
357131,process2,WRITE,691908829184,4096
357180,process2,READ,328980668416,4096
357910,process4,WRITE,283549798400,4096
358295,process1,READ,393431560192,4096
359141,process2,READ,1073056989184,4096
359939,process3,WRITE,89557073920,4096
360774,process4,WRITE,503850864640,4096
361252,process2,WRITE,21633523712,4096
361844,process4,READ,1020753735680,4096
362409,process1,WRITE,731542155264,4096
362649,process2,READ,861819072512,4096
363185,process2,READ,2775617536,4096
363917,process2,READ,192436236288,4096
364747,process1,READ,605210451968,4096
364994,process4,READ,319261306880,4096
365572,process2,READ,721242095616,4096
366452,process1,READ,1071170310144,4096
367275,process4,WRITE,480459886592,4096
367389,process1,READ,266933354496,4096
368360,process3,WRITE,608655417344,4096
368517,process1,READ,363678793728,4096
368593,process4,WRITE,804185464832,4096
368843,process4,WRITE,242553987072,4096
369318,process2,READ,292133494784,4096
369616,process3,WRITE,517113593856,4096
369755,process2,WRITE,461375840256,4096
370211,process3,WRITE,364908711936,4096
370744,process2,READ,650395951104,4096
371241,process1,READ,161809506304,4096
371682,process4,READ,633878753280,4096
372392,process2,READ,852822495232,4096
372679,process2,WRITE,1085963894784,4096
372951,process2,WRITE,358488403968,4096
372982,process4,WRITE,715214442496,4096
373359,process2,WRITE,715335876608,4096
373869,process1,READ,439011393536,4096
374163,process4,READ,911733317632,4096
375019,process1,WRITE,561340293120,4096
375915,process2,READ,174818840576,4096
376708,process1,WRITE,1047859724288,4096
377023,process4,WRITE,80712298496,4096
377821,process4,READ,308841406464,4096
378265,process2,READ,487645278208,4096
378872,process1,WRITE,331703963648,4096
379279,process4,WRITE,786122399744,4096
379352,process3,READ,192797523968,4096
380351,process4,READ,8269340672,4096
380797,process1,READ,17095049216,4096
381119,process1,WRITE,646366363648,4096
381729,process2,WRITE,1089871941632,4096
382273,process4,WRITE,438720307200,4096
382447,process4,READ,211642826752,4096
383385,process1,WRITE,759749894144,4096
384301,process4,WRITE,757411078144,4096
385024,process1,READ,35936137216,4096
385298,process4,WRITE,737043410944,4096
385872,process1,WRITE,49348055040,4096
386142,process1,WRITE,599160446976,4096
386784,process2,READ,180705996800,4096
387397,process2,READ,998492033024,4096
387885,process4,READ,364091891712,4096
388428,process2,WRITE,821813039104,4096
388871,process1,WRITE,808437280768,4096
389441,process3,READ,449261363200,4096
390071,process2,WRITE,573249871872,4096
390108,process1,READ,72719499264,4096
391081,process2,WRITE,1080639033344,4096
391487,process2,READ,1479991296,4096
391780,process1,READ,475372867584,4096
392239,process4,WRITE,550537904128,4096
392345,process2,READ,703445966848,4096
393198,process2,READ,243163463680,4096
393901,process2,WRITE,352914202624,4096
394392,process3,WRITE,1082628034560,4096
394566,process2,WRITE,569014960128,4096
394633,process4,WRITE,310256005120,4096
394811,process3,WRITE,686106730496,4096
395442,process2,READ,645128138752,4096
396257,process4,READ,79595581440,4096
396510,process4,READ,350201253888,4096
396609,process4,READ,693535072256,4096
397161,process3,READ,399621140480,4096
398047,process2,WRITE,342956097536,4096
398840,process4,WRITE,89596858368,4096
399613,process3,WRITE,423154507776,4096
400102,process2,WRITE,812552978432,4096
400764,process2,WRITE,214607323136,4096
401410,process3,WRITE,848933076992,4096
402038,process1,WRITE,959122001920,4096
402833,process2,WRITE,607063138304,4096
403010,process1,READ,904471179264,4096
403209,process3,WRITE,537082142720,4096
404036,process3,READ,173271969792,4096
404129,process3,WRITE,551804276736,4096
404274,process2,READ,129234747392,4096
405155,process3,READ,84698398720,4096
406085,process3,READ,501119279104,4096
406430,process1,READ,1097534169088,4096
406887,process1,WRITE,289870921728,4096
407041,process2,READ,546428559360,4096
407980,process2,READ,306448797696,4096
408866,process3,READ,528283889664,4096
409360,process4,WRITE,484799442944,4096
409699,process1,READ,1091260350464,4096
409924,process2,READ,9602916352,4096
410542,process2,READ,232102555648,4096
410657,process2,WRITE,18606235648,4096
411178,process2,READ,56151588864,4096
412081,process2,WRITE,1011672014848,4096
412425,process2,READ,259125768192,4096
412778,process1,WRITE,887351107584,4096
412833,process4,READ,543051567104,4096
413682,process2,READ,1014096637952,4096
414057,process2,READ,131736584192,4096
415009,process2,READ,100531777536,4096
415818,process2,WRITE,216291696640,4096
416467,process2,WRITE,900155215872,4096
416919,process4,READ,91309166592,4096
417765,process3,WRITE,578979856384,4096
418586,process2,READ,188516274176,4096
418773,process4,WRITE,366002655232,4096
419643,process4,READ,941557768192,4096
420565,process3,READ,490843312128,4096
420631,process4,READ,996385193984,4096
420894,process3,READ,46404898816,4096
421421,process3,WRITE,759643324416,4096
422350,process2,WRITE,499317592064,4096
422508,process3,READ,321314054144,4096
423138,process3,WRITE,36579024896,4096
423636,process2,READ,64448913408,4096
424275,process1,READ,122245771264,4096
424713,process4,READ,1021707051008,4096
425172,process1,WRITE,816988524544,4096
425960,process1,WRITE,915676618752,4096
426395,process3,READ,432308637696,4096
427029,process1,READ,482839179264,4096
427722,process1,READ,311888498688,4096
428328,process2,READ,113789816832,4096
428989,process1,WRITE,1024639770624,4096
429617,process2,WRITE,536485871616,4096
430443,process1,READ,124290293760,4096
430909,process2,WRITE,542847881216,4096
431359,process4,WRITE,390169554944,4096
432110,process3,READ,931682652160,4096
432719,process4,WRITE,548804796416,4096
433614,process1,READ,414246846464,4096
434286,process2,WRITE,401091608576,4096
434728,process3,READ,289904123904,4096
435605,process4,READ,945031532544,4096
435795,process4,READ,463795912704,4096
436357,process1,WRITE,695356534784,4096
436712,process1,READ,204688666624,4096
437409,process3,READ,1080124432384,4096
437510,process4,WRITE,369798000640,4096
438345,process4,READ,230631473152,4096
438865,process3,WRITE,576441085952,4096
439795,process2,READ,893097783296,4096
440369,process2,WRITE,1088186400768,4096
441301,process1,READ,956084543488,4096
441598,process3,WRITE,1091932303360,4096
441681,process4,WRITE,989734191104,4096
441998,process4,READ,474561806336,4096
442952,process2,WRITE,778547011584,4096
443395,process2,READ,753452003328,4096
444350,process4,READ,780322234368,4096
444362,process4,WRITE,194654715904,4096
445051,process3,WRITE,641654702080,4096
445312,process2,READ,519897567232,4096
445826,process3,WRITE,1076331249664,4096
446015,process2,WRITE,217886371840,4096
446305,process1,WRITE,144454782976,4096
447189,process2,READ,916457635840,4096
447642,process3,WRITE,424868765696,4096
448459,process2,WRITE,934673625088,4096
448728,process3,READ,508580257792,4096
449588,process1,READ,852446019584,4096
450588,process1,READ,645435183104,4096
450673,process4,READ,76102275072,4096
451563,process4,READ,359959420928,4096
451702,process4,WRITE,433052164096,4096
452325,process3,READ,774261227520,4096
452859,process3,READ,919525335040,4096
453069,process2,WRITE,728293548032,4096
453948,process4,WRITE,130533945344,4096
453971,process4,READ,636065521664,4096
454804,process4,WRITE,71712194560,4096
455507,process4,READ,687719772160,4096
456042,process2,WRITE,724330577920,4096
456757,process4,WRITE,683800203264,4096
456807,process3,READ,614627475456,4096
457311,process3,WRITE,1054386151424,4096
457673,process4,READ,27782303744,4096
458620,process3,WRITE,71979401216,4096
459570,process4,READ,1038078423040,4096
459822,process1,WRITE,760498733056,4096
460467,process2,WRITE,795296399360,4096
460769,process3,WRITE,981920423936,4096
461699,process1,READ,895640813568,4096
461996,process4,WRITE,274473623552,4096
462880,process1,WRITE,49532702720,4096
463626,process4,READ,92144365568,4096
464329,process3,READ,118467014656,4096
464792,process3,READ,637619363840,4096
464892,process1,READ,122541166592,4096
465471,process3,WRITE,568637362176,4096
465925,process2,READ,769446318080,4096
466350,process3,WRITE,892023595008,4096
467219,process2,WRITE,888350879744,4096
467780,process2,READ,335550398464,4096
468150,process3,WRITE,685651771392,4096
468250,process4,READ,617265184768,4096
468460,process3,WRITE,962315538432,4096
468758,process4,WRITE,1007829983232,4096
468993,process4,WRITE,488074743808,4096
469882,process3,WRITE,183645110272,4096
469996,process1,READ,55552765952,4096
470186,process3,READ,853202870272,4096
471184,process4,WRITE,1042965913600,4096
471401,process2,WRITE,627975733248,4096
471788,process2,READ,1072946458624,4096
471823,process3,WRITE,951348043776,4096
472114,process4,WRITE,882016878592,4096
472243,process4,WRITE,721696604160,4096
473158,process3,WRITE,7919648768,4096
473579,process4,WRITE,117963812864,4096
474130,process1,WRITE,665426812928,4096
474608,process3,READ,218675236864,4096
474927,process3,WRITE,391002746880,4096
475849,process2,WRITE,1005811322880,4096
476524,process4,READ,945407381504,4096
476529,process4,WRITE,130856206336,4096
476801,process3,READ,258378121216,4096
477753,process3,READ,301624287232,4096
478224,process1,WRITE,229997191168,4096
478606,process4,READ,385259077632,4096
479080,process2,READ,508952358912,4096
479420,process4,READ,966588379136,4096
480369,process4,READ,613401305088,4096
481033,process3,WRITE,119748128768,4096
481077,process1,WRITE,362011262976,4096
481413,process4,READ,1016556269568,4096
481895,process3,READ,383099641856,4096
482802,process1,WRITE,902401380352,4096
483526,process3,READ,659187724288,4096
484239,process3,READ,98759938048,4096
485148,process2,READ,427842404352,4096
485170,process4,READ,25749225472,4096
485694,process4,WRITE,835540135936,4096
485872,process3,READ,451171401728,4096
485918,process3,WRITE,924798894080,4096
486428,process2,READ,640681259008,4096
487329,process2,READ,107916124160,4096
487539,process4,READ,463793106944,4096
487720,process2,READ,759091589120,4096
487869,process4,READ,227599859712,4096
488142,process3,READ,15926837248,4096
488763,process3,READ,469241024512,4096
489729,process4,WRITE,444827406336,4096
490436,process4,WRITE,124065783808,4096
491424,process1,READ,149673308160,4096
492272,process2,READ,295755010048,4096
493263,process3,READ,1050393337856,4096
494019,process3,READ,544504004608,4096
494749,process3,READ,732937981952,4096
495148,process4,READ,418581401600,4096
495628,process2,WRITE,284842823680,4096
496177,process1,WRITE,349030514688,4096
497092,process1,READ,34155671552,4096
497941,process3,READ,170822283264,4096
498559,process2,READ,268346163200,4096
499172,process2,WRITE,444180430848,4096
499919,process3,WRITE,814019268608,4096
500691,process4,WRITE,282446647296,4096
501343,process1,READ,1016884781056,4096
502214,process4,WRITE,645753561088,4096
503033,process3,WRITE,588354416640,4096
503328,process1,READ,282108026880,4096
503393,process2,WRITE,8980713472,4096
503456,process1,WRITE,702286651392,4096
504408,process1,READ,428729376768,4096
505292,process1,WRITE,936592130048,4096
505602,process4,WRITE,665780011008,4096
506486,process2,READ,771800956928,4096
506870,process1,READ,418316058624,4096
507349,process2,READ,271824408576,4096
508062,process4,WRITE,1388232704,4096
508977,process2,WRITE,261929545728,4096
509515,process3,READ,922444115968,4096
509587,process1,WRITE,940974059520,4096
509929,process1,READ,204771274752,4096
510612,process3,WRITE,495024922624,4096
511000,process4,WRITE,783041060864,4096
