timestamp,process_id,user_id,type,address,size
0,interleaved0,0,READ,0x0,4096
10,interleaved1,1,READ,0x40000000,8192
20,interleaved2,2,READ,0x80000000,12288
30,interleaved3,3,READ,0xc0000000,16384
100,interleaved0,0,WRITE,0x1000,4096
110,interleaved1,1,WRITE,0x40001000,8192
120,interleaved2,2,WRITE,0x80001000,12288
130,interleaved3,3,WRITE,0xc0001000,16384
200,interleaved0,0,READ,0x2000,4096
210,interleaved1,1,READ,0x40002000,8192
220,interleaved2,2,READ,0x80002000,12288
230,interleaved3,3,READ,0xc0002000,16384
300,interleaved0,0,WRITE,0x3000,4096
310,interleaved1,1,WRITE,0x40003000,8192
320,interleaved2,2,WRITE,0x80003000,12288
330,interleaved3,3,WRITE,0xc0003000,16384
400,interleaved0,0,READ,0x4000,4096
410,interleaved1,1,READ,0x40004000,8192
420,interleaved2,2,READ,0x80004000,12288
430,interleaved3,3,READ,0xc0004000,16384
500,interleaved0,0,WRITE,0x5000,4096
510,interleaved1,1,WRITE,0x40005000,8192
520,interleaved2,2,WRITE,0x80005000,12288
530,interleaved3,3,WRITE,0xc0005000,16384
600,interleaved0,0,READ,0x6000,4096
610,interleaved1,1,READ,0x40006000,8192
620,interleaved2,2,READ,0x80006000,12288
630,interleaved3,3,READ,0xc0006000,16384
700,interleaved0,0,WRITE,0x7000,4096
710,interleaved1,1,WRITE,0x40007000,8192
720,interleaved2,2,WRITE,0x80007000,12288
730,interleaved3,3,WRITE,0xc0007000,16384
800,interleaved0,0,READ,0x8000,4096
810,interleaved1,1,READ,0x40008000,8192
820,interleaved2,2,READ,0x80008000,12288
830,interleaved3,3,READ,0xc0008000,16384
900,interleaved0,0,WRITE,0x9000,4096
910,interleaved1,1,WRITE,0x40009000,8192
920,interleaved2,2,WRITE,0x80009000,12288
930,interleaved3,3,WRITE,0xc0009000,16384
1000,interleaved0,0,READ,0xa000,4096
1010,interleaved1,1,READ,0x4000a000,8192
1020,interleaved2,2,READ,0x8000a000,12288
1030,interleaved3,3,READ,0xc000a000,16384
1100,interleaved0,0,WRITE,0xb000,4096
1110,interleaved1,1,WRITE,0x4000b000,8192
1120,interleaved2,2,WRITE,0x8000b000,12288
1130,interleaved3,3,WRITE,0xc000b000,16384
1200,interleaved0,0,READ,0xc000,4096
1210,interleaved1,1,READ,0x4000c000,8192
1220,interleaved2,2,READ,0x8000c000,12288
1230,interleaved3,3,READ,0xc000c000,16384
1300,interleaved0,0,WRITE,0xd000,4096
1310,interleaved1,1,WRITE,0x4000d000,8192
1320,interleaved2,2,WRITE,0x8000d000,12288
1330,interleaved3,3,WRITE,0xc000d000,16384
1400,interleaved0,0,READ,0xe000,4096
1410,interleaved1,1,READ,0x4000e000,8192
1420,interleaved2,2,READ,0x8000e000,12288
1430,interleaved3,3,READ,0xc000e000,16384
1500,interleaved0,0,WRITE,0xf000,4096
1510,interleaved1,1,WRITE,0x4000f000,8192
1520,interleaved2,2,WRITE,0x8000f000,12288
1530,interleaved3,3,WRITE,0xc000f000,16384
1600,interleaved0,0,READ,0x10000,4096
1610,interleaved1,1,READ,0x40010000,8192
1620,interleaved2,2,READ,0x80010000,12288
1630,interleaved3,3,READ,0xc0010000,16384
1700,interleaved0,0,WRITE,0x11000,4096
1710,interleaved1,1,WRITE,0x40011000,8192
1720,interleaved2,2,WRITE,0x80011000,12288
1730,interleaved3,3,WRITE,0xc0011000,16384
1800,interleaved0,0,READ,0x12000,4096
1810,interleaved1,1,READ,0x40012000,8192
1820,interleaved2,2,READ,0x80012000,12288
1830,interleaved3,3,READ,0xc0012000,16384
1900,interleaved0,0,WRITE,0x13000,4096
1910,interleaved1,1,WRITE,0x40013000,8192
1920,interleaved2,2,WRITE,0x80013000,12288
1930,interleaved3,3,WRITE,0xc0013000,16384
2000,interleaved0,0,READ,0x14000,4096
2010,interleaved1,1,READ,0x40014000,8192
2020,interleaved2,2,READ,0x80014000,12288
2030,interleaved3,3,READ,0xc0014000,16384
2100,interleaved0,0,WRITE,0x15000,4096
2110,interleaved1,1,WRITE,0x40015000,8192
2120,interleaved2,2,WRITE,0x80015000,12288
2130,interleaved3,3,WRITE,0xc0015000,16384
2200,interleaved0,0,READ,0x16000,4096
2210,interleaved1,1,READ,0x40016000,8192
2220,interleaved2,2,READ,0x80016000,12288
2230,interleaved3,3,READ,0xc0016000,16384
2300,interleaved0,0,WRITE,0x17000,4096
2310,interleaved1,1,WRITE,0x40017000,8192
2320,interleaved2,2,WRITE,0x80017000,12288
2330,interleaved3,3,WRITE,0xc0017000,16384
2400,interleaved0,0,READ,0x18000,4096
2410,interleaved1,1,READ,0x40018000,8192
2420,interleaved2,2,READ,0x80018000,12288
2430,interleaved3,3,READ,0xc0018000,16384
2500,interleaved0,0,WRITE,0x19000,4096
2510,interleaved1,1,WRITE,0x40019000,8192
2520,interleaved2,2,WRITE,0x80019000,12288
2530,interleaved3,3,WRITE,0xc0019000,16384
2600,interleaved0,0,READ,0x1a000,4096
2610,interleaved1,1,READ,0x4001a000,8192
2620,interleaved2,2,READ,0x8001a000,12288
2630,interleaved3,3,READ,0xc001a000,16384
2700,interleaved0,0,WRITE,0x1b000,4096
2710,interleaved1,1,WRITE,0x4001b000,8192
2720,interleaved2,2,WRITE,0x8001b000,12288
2730,interleaved3,3,WRITE,0xc001b000,16384
2800,interleaved0,0,READ,0x1c000,4096
2810,interleaved1,1,READ,0x4001c000,8192
2820,interleaved2,2,READ,0x8001c000,12288
2830,interleaved3,3,READ,0xc001c000,16384
2900,interleaved0,0,WRITE,0x1d000,4096
2910,interleaved1,1,WRITE,0x4001d000,8192
2920,interleaved2,2,WRITE,0x8001d000,12288
2930,interleaved3,3,WRITE,0xc001d000,16384
3000,interleaved0,0,READ,0x1e000,4096
3010,interleaved1,1,READ,0x4001e000,8192
3020,interleaved2,2,READ,0x8001e000,12288
3030,interleaved3,3,READ,0xc001e000,16384
3100,interleaved0,0,WRITE,0x1f000,4096
3110,interleaved1,1,WRITE,0x4001f000,8192
3120,interleaved2,2,WRITE,0x8001f000,12288
3130,interleaved3,3,WRITE,0xc001f000,16384
3200,interleaved0,0,READ,0x20000,4096
3210,interleaved1,1,READ,0x40020000,8192
3220,interleaved2,2,READ,0x80020000,12288
3230,interleaved3,3,READ,0xc0020000,16384
3300,interleaved0,0,WRITE,0x21000,4096
3310,interleaved1,1,WRITE,0x40021000,8192
3320,interleaved2,2,WRITE,0x80021000,12288
3330,interleaved3,3,WRITE,0xc0021000,16384
3400,interleaved0,0,READ,0x22000,4096
3410,interleaved1,1,READ,0x40022000,8192
3420,interleaved2,2,READ,0x80022000,12288
3430,interleaved3,3,READ,0xc0022000,16384
3500,interleaved0,0,WRITE,0x23000,4096
3510,interleaved1,1,WRITE,0x40023000,8192
3520,interleaved2,2,WRITE,0x80023000,12288
3530,interleaved3,3,WRITE,0xc0023000,16384
3600,interleaved0,0,READ,0x24000,4096
3610,interleaved1,1,READ,0x40024000,8192
3620,interleaved2,2,READ,0x80024000,12288
3630,interleaved3,3,READ,0xc0024000,16384
3700,interleaved0,0,WRITE,0x25000,4096
3710,interleaved1,1,WRITE,0x40025000,8192
3720,interleaved2,2,WRITE,0x80025000,12288
3730,interleaved3,3,WRITE,0xc0025000,16384
3800,interleaved0,0,READ,0x26000,4096
3810,interleaved1,1,READ,0x40026000,8192
3820,interleaved2,2,READ,0x80026000,12288
3830,interleaved3,3,READ,0xc0026000,16384
3900,interleaved0,0,WRITE,0x27000,4096
3910,interleaved1,1,WRITE,0x40027000,8192
3920,interleaved2,2,WRITE,0x80027000,12288
3930,interleaved3,3,WRITE,0xc0027000,16384
4000,interleaved0,0,READ,0x28000,4096
4010,interleaved1,1,READ,0x40028000,8192
4020,interleaved2,2,READ,0x80028000,12288
4030,interleaved3,3,READ,0xc0028000,16384
4100,interleaved0,0,WRITE,0x29000,4096
4110,interleaved1,1,WRITE,0x40029000,8192
4120,interleaved2,2,WRITE,0x80029000,12288
4130,interleaved3,3,WRITE,0xc0029000,16384
4200,interleaved0,0,READ,0x2a000,4096
4210,interleaved1,1,READ,0x4002a000,8192
4220,interleaved2,2,READ,0x8002a000,12288
4230,interleaved3,3,READ,0xc002a000,16384
4300,interleaved0,0,WRITE,0x2b000,4096
4310,interleaved1,1,WRITE,0x4002b000,8192
4320,interleaved2,2,WRITE,0x8002b000,12288
4330,interleaved3,3,WRITE,0xc002b000,16384
4400,interleaved0,0,READ,0x2c000,4096
4410,interleaved1,1,READ,0x4002c000,8192
4420,interleaved2,2,READ,0x8002c000,12288
4430,interleaved3,3,READ,0xc002c000,16384
4500,interleaved0,0,WRITE,0x2d000,4096
4510,interleaved1,1,WRITE,0x4002d000,8192
4520,interleaved2,2,WRITE,0x8002d000,12288
4530,interleaved3,3,WRITE,0xc002d000,16384
4600,interleaved0,0,READ,0x2e000,4096
4610,interleaved1,1,READ,0x4002e000,8192
4620,interleaved2,2,READ,0x8002e000,12288
4630,interleaved3,3,READ,0xc002e000,16384
4700,interleaved0,0,WRITE,0x2f000,4096
4710,interleaved1,1,WRITE,0x4002f000,8192
4720,interleaved2,2,WRITE,0x8002f000,12288
4730,interleaved3,3,WRITE,0xc002f000,16384
4800,interleaved0,0,READ,0x30000,4096
4810,interleaved1,1,READ,0x40030000,8192
4820,interleaved2,2,READ,0x80030000,12288
4830,interleaved3,3,READ,0xc0030000,16384
4900,interleaved0,0,WRITE,0x31000,4096
4910,interleaved1,1,WRITE,0x40031000,8192
4920,interleaved2,2,WRITE,0x80031000,12288
4930,interleaved3,3,WRITE,0xc0031000,16384
