workload_name,workload_type,wl_policy,num_segments,rebalance_interval,rebalance_fraction,trace_path,results_path,wear_min_erase,wear_max_erase,wear_variance,fairness_index,throughput_fairness_index,average_slowdown,throughput_MBps,average_latency_s,completed_requests,runtime_s
U,uniform,WL0,1,0,0.0,experiments/traces/trace_U_seed12345.csv,experiments/results/results_U_WL0.csv,0.0,0.0,0.0,0.994744,0.999854,1.01596,7.7892,2.63426e-05,5000.0,2.50748
U,uniform,WL1,8,1000,0.05,experiments/traces/trace_U_seed12345.csv,experiments/results/results_U_WL1.csv,0.0,0.0,0.0,0.994744,0.999854,1.01596,7.7892,2.63426e-05,5000.0,2.50748
Z1.0,zipf,WL0,1,0,0.0,experiments/traces/trace_Z1.0_seed12346.csv,experiments/results/results_Z1.0_WL0.csv,0.0,0.0,0.0,0.997842,0.999924,1.01562,7.74081,2.64148e-05,5000.0,2.52315
Z1.0,zipf,WL1,8,1000,0.05,experiments/traces/trace_Z1.0_seed12346.csv,experiments/results/results_Z1.0_WL1.csv,0.0,0.0,0.0,0.997842,0.999924,1.01562,7.74081,2.64148e-05,5000.0,2.52315
H,hotset,WL0,1,0,0.0,experiments/traces/trace_H_seed12347.csv,experiments/results/results_H_WL0.csv,0.0,0.0,0.0,0.996969,0.999616,1.01448,7.96116,2.64655e-05,5000.0,2.45332
H,hotset,WL1,8,1000,0.05,experiments/traces/trace_H_seed12347.csv,experiments/results/results_H_WL1.csv,0.0,0.0,0.0,0.996969,0.999616,1.01448,7.96116,2.64655e-05,5000.0,2.45332
A1,singlehot,WL0,1,0,0.0,experiments/traces/trace_A1_seed12348.csv,experiments/results/results_A1_WL0.csv,0.0,0.0,0.0,0.994696,0.999638,1.01579,7.88436,2.64211e-05,5000.0,2.47721
A1,singlehot,WL1,8,1000,0.05,experiments/traces/trace_A1_seed12348.csv,experiments/results/results_A1_WL1.csv,0.0,0.0,0.0,0.994696,0.999638,1.01579,7.88436,2.64211e-05,5000.0,2.47721
U,uniform,WL0,1,0,0.0,experiments/traces/trace_U_seed12345.csv,experiments/results/results_U_WL0.csv,0.0,0.0,0.0,0.993757,0.999971,1.01508,7.80504,2.63734e-05,200000.0,100.096
U,uniform,WL1,8,1000,0.05,experiments/traces/trace_U_seed12345.csv,experiments/results/results_U_WL1.csv,0.0,0.0,0.0,0.993757,0.999971,1.01508,7.80504,2.63734e-05,200000.0,100.096
U,uniform,WL0,1,0,0.0,experiments/traces/trace_U_seed12345.csv,experiments/results/results_U_WL0.csv,0.0,0.0,0.0,0.994744,0.999854,1.01596,7.7892,2.63426e-05,5000.0,2.50748
U,uniform,WL1,8,1000,0.05,experiments/traces/trace_U_seed12345.csv,experiments/results/results_U_WL1.csv,0.0,0.0,0.0,0.994744,0.999854,1.01596,7.7892,2.63426e-05,5000.0,2.50748
Z1.0,zipf,WL0,1,0,0.0,experiments/traces/trace_Z1.0_seed12346.csv,experiments/results/results_Z1.0_WL0.csv,0.0,0.0,0.0,0.997842,0.999924,1.01562,7.74081,2.64148e-05,5000.0,2.52315
Z1.0,zipf,WL1,8,1000,0.05,experiments/traces/trace_Z1.0_seed12346.csv,experiments/results/results_Z1.0_WL1.csv,0.0,0.0,0.0,0.997842,0.999924,1.01562,7.74081,2.64148e-05,5000.0,2.52315
H,hotset,WL0,1,0,0.0,experiments/traces/trace_H_seed12347.csv,experiments/results/results_H_WL0.csv,0.0,0.0,0.0,0.996969,0.999616,1.01448,7.96116,2.64655e-05,5000.0,2.45332
H,hotset,WL1,8,1000,0.05,experiments/traces/trace_H_seed12347.csv,experiments/results/results_H_WL1.csv,0.0,0.0,0.0,0.996969,0.999616,1.01448,7.96116,2.64655e-05,5000.0,2.45332
A1,singlehot,WL0,1,0,0.0,experiments/traces/trace_A1_seed12348.csv,experiments/results/results_A1_WL0.csv,0.0,0.0,0.0,0.994696,0.999638,1.01579,7.88436,2.64211e-05,5000.0,2.47721
A1,singlehot,WL1,8,1000,0.05,experiments/traces/trace_A1_seed12348.csv,experiments/results/results_A1_WL1.csv,0.0,0.0,0.0,0.994696,0.999638,1.01579,7.88436,2.64211e-05,5000.0,2.47721
U,uniform,WL0,1,0,0.0,experiments/traces/trace_U_seed12345.csv,experiments/results/results_U_WL0.csv,0.0,0.0,0.0,0.994744,0.999854,1.01596,7.7892,2.63426e-05,5000.0,2.50748
U,uniform,WL1,8,1000,0.05,experiments/traces/trace_U_seed12345.csv,experiments/results/results_U_WL1.csv,0.0,0.0,0.0,0.994744,0.999854,1.01596,7.7892,2.63426e-05,5000.0,2.50748
Z1.0,zipf,WL0,1,0,0.0,experiments/traces/trace_Z1.0_seed12346.csv,experiments/results/results_Z1.0_WL0.csv,0.0,0.0,0.0,0.997842,0.999924,1.01562,7.74081,2.64148e-05,5000.0,2.52315
Z1.0,zipf,WL1,8,1000,0.05,experiments/traces/trace_Z1.0_seed12346.csv,experiments/results/results_Z1.0_WL1.csv,0.0,0.0,0.0,0.997842,0.999924,1.01562,7.74081,2.64148e-05,5000.0,2.52315
H,hotset,WL0,1,0,0.0,experiments/traces/trace_H_seed12347.csv,experiments/results/results_H_WL0.csv,0.0,0.0,0.0,0.996969,0.999616,1.01448,7.96116,2.64655e-05,5000.0,2.45332
H,hotset,WL1,8,1000,0.05,experiments/traces/trace_H_seed12347.csv,experiments/results/results_H_WL1.csv,0.0,0.0,0.0,0.996969,0.999616,1.01448,7.96116,2.64655e-05,5000.0,2.45332
A1,singlehot,WL0,1,0,0.0,experiments/traces/trace_A1_seed12348.csv,experiments/results/results_A1_WL0.csv,0.0,0.0,0.0,0.994696,0.999638,1.01579,7.88436,2.64211e-05,5000.0,2.47721
A1,singlehot,WL1,8,1000,0.05,experiments/traces/trace_A1_seed12348.csv,experiments/results/results_A1_WL1.csv,0.0,0.0,0.0,0.994696,0.999638,1.01579,7.88436,2.64211e-05,5000.0,2.47721
U,uniform,WL0,1,0,0.0,experiments/traces/trace_U_seed12345.csv,experiments/results/results_U_WL0.csv,0.0,1017.0,52629.2,0.993758,0.999971,1.01508,7.80504,3.25909e-06,200000.0,100.096
U,uniform,WL1,8,1000,0.05,experiments/traces/trace_U_seed12345.csv,experiments/results/results_U_WL1.csv,0.0,1104.0,52015.7,0.993758,0.999971,1.01508,7.80504,3.25909e-06,200000.0,100.096
Z1.0,zipf,WL0,1,0,0.0,experiments/traces/trace_Z1.0_seed12346.csv,experiments/results/results_Z1.0_WL0.csv,0.0,573.0,11929.7,0.995034,0.999978,1.01511,7.80659,3.2589e-06,200000.0,100.076
Z1.0,zipf,WL1,8,1000,0.05,experiments/traces/trace_Z1.0_seed12346.csv,experiments/results/results_Z1.0_WL1.csv,0.0,953.0,14183.1,0.995034,0.999978,1.01511,7.80659,3.2589e-06,200000.0,100.076
H,hotset,WL0,1,0,0.0,experiments/traces/trace_H_seed12347.csv,experiments/results/results_H_WL0.csv,0.0,454.0,4393.43,0.996216,0.999997,1.01499,7.81027,3.25912e-06,200000.0,100.029
